url,label
http://www.password-visa.io,0
http://sceure.biz/urgent,1
https://www.secure.github.edu/paypal/paypal/verify,0
https://www.password.biz,0
https://www.ustr.gov/alert/account,1
https://secure.info@twitter.net/access,1
https://login.org/zc2uw5n3y7/j8mn2r5ta/gn6s003c6c9de/bkxu1if6cd?unusual=confirm&limited=1&wallet=true,1
https://is.gd/Qh8aRcZ,1
https://www.github.info/account/login,0
http://tr.im/Or8vA1D,1
https://discover-user.password.gov,1
http://ebay-verify.account.biz,1
http://account.info/0uhu3t2p4f/cgr2md33b69xwtg/kloyj4cb?unusual=yes&account=yes&login=yes&banking=1,1
https://www.discover.signin.org/chase/microsoft,0
http://www.ebay.edu/mastercard?target=account&walmart=apple,0
https://www.dashboadr.edu/update/important,1
http://secure.admin-login.verify.io,1
https://amex.org/u3pu8fzg7sz/7f2ccdnf4/dy93rlp9sd6/87w7s0ud9jx4qa9/6dh6khzg80shevf?activity=true&official=true&limited=1&confirm=1&access=yes,1
http://cli.gs/63doQE,1
http://ow.ly/SDcIOkxT,1
https://microsoft.edu/user/admin/chase?verify=profile&login=amex&amex=google,0
http://www.bank.instagram.io,0
http://www.admin-amex.org/google/profile/admin,0
https://ebay.net@linkedin.co/paypal,1
https://visa.github.net/youtube/confirm,0
https://www.walmart.org/amex/spotify,0
https://accovnt.io/verify/suspended,1
http://www.github.biz/dashboard/user/target,0
https://www.github.info,0
https://www.login.io/apple/citi?youtube=profile&profile=linkedin,0
http://official.amazon-netflix.paypal.edu,1
https://113.120.151.99/suspended,1
http://242.216.186.252/update,1
http://104.46.64.247/confirm,1
https://twitter-google.admin.io,1
https://www.instagram.biz,0
http://wellsfargo.youtube.net,0
https://notification.instagram-instagram.visa.com,1
http://www.verify.net,0
https://wellsfargo.edu,0
https://225.218.242.195/verify,1
https://cli.gs/zrUjs,1
http://www.google.org/citi/spotify,0
http://www.walmart.info,0
https://cli.gs/ZvPb7tv,1
http://login.google-walmart.amazon.info,1
http://banking.password-apple.dashboard.net,1
http://lolin.io/limited/urgent,1
https://www.eyay.co/confirm/verify,1
https://confirm.org@profile.biz/wallet,1
http://www.signin.netflix.co,0
http://www.walmart.net/netflix/amazon/login,0
http://tinyurl.com/2R5xpq,1
https://www.twitter.com,0
http://www.verify.co,0
http://security.visa-instagram.dashboard.com,1
http://paypal.facebook-dashboard.citi.net,1
http://www.waimart.io/important/verify,1
http://146.127.213.11/wallet,1
https://www.admin.com,0
https://www.github.gov/chase/walmart/github?youtube=youtube&walmart=linkedin&admin=user,0
https://www.youtube.gov/update,0
http://www.youtube.info/linkedin/spotify/walmart,0
https://www.wellsfargo-walmart.net/signin/login,0
https://signin.io/citi/discover,0
http://www.amazon.org,0
https://apple.org/github/user,0
http://cli.gs/HWM6J,1
https://66.66.36.125/authenticate,1
https://user.user.io,0
http://www.paypal.ebay.edu/account,0
http://official.netflix-mastercard.target.org,1
https://134.7.183.85/notification,1
http://www.mastercard.net,0
https://amazon.org/hshf3xe6m2z7/yutzyodfcxw4nv9/3bl017gveyvcqk/j3hjld3fcg?notification=yes&banking=1&update=yes&activity=1,1
https://85.219.46.80/banking,1
https://www.cahse.io/paypal,1
https://www.instaguam.gov/suspended/signin,1
https://admin.info/u481dlv34us6/rfqqb91ptswe/x0eog5jq89pkm2/u6g8uupr4zvginq/jlekbto87yez/1fht78wjp5m/qw5lxjjwv2g/pyex034z0?limited=confirm&verify=yes&limited=confirm&wallet=1&secure=yes,1
http://twitter.net/linkedin/paypal/visa,0
https://official.facebook-google.amex.org,1
https://www.amex.info,0
http://www.profile.net/password?amex=paypal&instagram=walmart,0
http://www.netflix.gov,0
http://www.secure.edu/confirm,0
https://discover.ebay-dashboard.net,0
https://www.mastercard.io,0
http://account-target.org/facebook?verify=admin,0
https://www.citi.org,0
http://github.org/9soo2q2dzw4b/jvn6peeq15/plfz43oh8/ah6q0nvz/960bs8r7wypei0?account=1&paypal=confirm&verify=true&update=confirm&activity=yes,1
http://24.116.146.14/important,1
http://paypal.biz/9wr8kp8pu/h4hmm64l0d3r/vpeymxxyqdlib/ltj8dwxjkw5/33tq1nwkkrfkl/mvpho2qxnx4s72m/jf6m64kkiq/85fy2l8btvr?authenticate=yes&suspended=1&verify=1,1
http://www.faecbook.info/alert/verify,1
https://mastercard-github.io/profile,0
http://wellsfargo.io@github.io/login,1
https://is.gd/zam3ZJh,1
http://www.github.info/update/youtube,0
https://192.202.222.206/update,1
http://tinyurl.com/KibX2u1,1
http://www.youtube.info/discover/password,0
https://security.discover-bank.google.co,1
http://www.admin.gov,0
https://www.waltart.info/paypal,1
https://mastercard.edu/n656ppowcj5l/jqw0hecq4j4/jctwc4b9e/8ueo1nvg/cyewv1umht1v2z/mufx50h2mbkur?confirm=1&password=yes&verify=true,1
http://signin.biz@google.edu/confirm,1
https://www.netflix.io,0
http://125.81.13.192/password,1
https://148.224.184.176/limited,1
http://user.info@instagram.io/alert,1
http://password.gov/facebook,0
http://google-amazon.visa.edu,1
http://www.target-mastercard.info/confirm/verify?password=wellsfargo&target=target,0
http://twitter.org/cyi8rx18o24gs1d/08k2b5a8pec5wl2/0zvlpaew8s/u4legputti/99s6ugkaosfl/vzgm3a2t94/w52x6du1?confirm=confirm&signin=true&verify=1,1
https://www.facebook.biz,0
https://www.gmogle.biz/login/verify,1
http://www.confirm.verify.net,0
https://walmart.edu/fgik4frqho/8we1jlbiueol7e4/11m273zv4/okfljen9a/eyxbq5rtl?authenticate=1&urgent=yes&signin=yes&login=confirm&unusual=yes,1
https://www.apple-walmart.info/google/user?profile=user&apple=update,0
http://www.secure.biz,0
https://login.edu/03ip3zz00nvguyu/pg72ive82rb/fwrqem6zqf/hedsmi6u/kf3dm6tr6jqxq8/erbupso3yb/h8g5bu7bo2d/bl9qhf2mcx?paypal=yes&authenticate=confirm,1
http://is.gd/eq5VgQiE,1
https://verify.mastercard-spotify.update.gov,1
http://www.instagram.io/ebay,0
http://tr.im/08kK0,1
http://www.password.discover-instagram.gov,0
http://confirm-citi.paypal.edu,1
https://www.target.co/dashboard/twitter/secure,0
http://www.update.io,0
http://dashboard.edu@facebook.info/important,1
http://www.github.info,0
http://www.password.biz/amazon,0
https://www.visa.info,0
http://secure.info/l49wglwi/ac9n01qty99vz/rpnujlldele2/qs4x2vei6m9ev1/g125rjnwfyy4c/29v7e87e9pr7/sm13ims6j?suspended=confirm&authenticate=confirm&security=true&alert=true&official=1,1
https://www.amex.update.com/mastercard/dashboard/linkedin,0
https://www.liknedin.biz/banking/suspended,1
http://bit.ly/nbbQ7YYi,1
http://www.sginin.net/secure,1
https://dashboard.net/7di6ej3p4e76pw/m3e2i68a2yh/he1028fvypty6/0x0qcb0dv7xy/e1rq8y3hxr4p8/ts7l8nw4g/wwq04pjghbl?paypal=confirm&banking=yes,1
http://www.adimn.io/unusual/security,1
http://target.info@visa.net/secure,1
http://68.207.37.152/account,1
http://youtube.com/confirm/citi/dashboard?account=secure&google=apple,0
https://163.178.122.69/confirm,1
http://amex-amex.google.biz,1
http://bank.io@github.co/urgent,1
http://www.walmart.info,0
https://goo.gl/8sxFE,1
http://106.233.205.162/access,1
http://bit.ly/Zni0C,1
https://www.microsoft.amex.net/spotify,0
http://microsoft.co/i7dweczgfo5iks4/gqj8xg5im6nzhk0/ts04t6tuni4/2iwq3vlp87q/fdwo4ca32v?verify=1&verify=true,1
https://170.87.212.150/verify,1
https://verify-secure.gov/amazon?amazon=amex,0
http://appel.gov/confirm/suspended,1
https://www.visa.org,0
http://www.visa.biz,0
https://secuer.co/security/unusual,1
https://ow.ly/EJAJJ,1
http://tinyurl.com/KsuBM,1
https://netflix.edu/jnk7uf7pj/4r4iaqmqqfwpgib/4thixx64s/4ooaei308le/qzhn66radi/40grwft7egy/ptoebqpbj2d9s3/irfl97kfx6r2c?security=1&secure=confirm,1
http://88.221.59.134/suspended,1
https://www.mastercard.dashboard.co/password/amex/citi,0
http://discover.co@password.gov/limited,1
http://www.linkedin.biz/signin/login/mastercard?update=bank,0
https://tinyurl.com/fd949,1
https://tinyurl.com/6A0cykd,1
http://secuqe.edu/banking/official,1
https://google.com/695h4wlezwn/mpyqxg4d2nnq6l/pfhug3837l/5afmz8vz?update=true&login=confirm,1
http://access.amex-mastercard.account.edu,1
https://login.co,0
https://facebook.gov/1wfr7k6xbz/7pvx1ul2fx9/o8j9ggdjhhppp/764mwxggts/0wjcpl2htu/z44ng6e6sljb/inf9wxfrjp2zhqa?paypal=true&authenticate=1&paypal=confirm&login=1&notification=yes,1
http://bnak.info/verify/access,1
http://www.instgaram.co/paypal/login,1
http://paypal.co/d8w1cjsv6dtdmil/3sk9ouxjkj5k9/6xraaz7xxitxth/dnvggm8u?account=yes&verify=confirm,1
https://206.178.94.104/update,1
https://www.confirm.biz,0
http://admin.biz,0
http://bit.ly/GzAxo,1
https://wellsfargo.co,0
http://131.127.172.186/notification,1
https://important.paypal-github.update.net,1
https://mastercard.edu@linkedin.co/authenticate,1
https://www.password.instagram.gov,0
https://activity.youtube-user.linkedin.co,1
http://facebook.org/jiy3hn3aphl6/jz2408ggwpwy4te/1ftpzql2o1rq/zf2c65yaap9yo4/q9xyo1alx/4pkn8zoq?verify=1&account=1,1
https://www.admin.com/admin/password,0
https://www.admin-signin.co,0
http://login.edu/profile,0
http://www.confirm.amex.io/profile/microsoft/netflix,0
https://www.wellsfargo.com/secure,0
https://www.login.org,0
https://29.202.107.54/urgent,1
https://www.secure.co/google/secure,0
https://www.apple.org/youtube,0
https://urgent.login-password.apple.edu,1
https://discover.com/twitter,0
https://confirm.chase-secure.instagram.org,1
https://www.twitter.citi.info,0
https://www.spotify.info,0
http://important.mastercard-citi.mastercard.com,1
https://www.signin.facebook.net,0
http://verify.net@target.gov/important,1
https://www.uesr.com/account/banking,1
https://www.spotify.confirm.biz,0
https://www.google.io,0
https://www.ebay.com,0
https://microsoft.biz@secure.net/password,1
http://walmart.org/w5sanlzbn2/ly9a4h4jk8t9/ywvzdfnxqr072/2a9v6ea0pn1j47/e0r1j3sn2unldqd?verify=1&verify=true&activity=true,1
https://www.admin.info/amazon/discover/apple?youtube=instagram,0
https://banking.account-linkedin.google.org,1
http://88.70.63.106/important,1
https://wallet.confirm-admin.amex.co,1
https://www.citi.co,0
https://mastercard.dashboard-confirm.com/spotify/walmart/visa,0
http://citi.gov@linkedin.info/access,1
https://tr.im/AJKhRh,1
https://www.instagram.info/target?mastercard=twitter&microsoft=confirm&github=netflix,0
http://dashboard-youtube.profile.gov,1
https://microsoft.org/bank,0
https://www.wellsfargo.discover.biz,0
https://www.signin.edu,0
https://www.bakn.org/banking,1
https://242.15.79.246/secure,1
https://update.bank-mastercard.amex.edu,1
http://www.user.login-amex.com,0
http://cli.gs/ZSQX2C54,1
http://youtube-chase.co/amex/verify/citi,0
https://www.linkedin.user.biz,0
http://www.verify.confirm.info/visa/password/twitter,0
https://www.youtube.apple.net/google?wellsfargo=github,0
http://amex.com,0
http://www.bank-profile.org/profile/discover/facebook,0
http://walmatr.gov/limited,1
http://amazon.org,0
http://79.206.76.32/security,1
http://www.amex.com/secure/amazon/login,0
https://instagram.edu@user.edu/login,1
http://www.amex-visa.info/linkedin,0
https://www.wellsfargo.biz,0
http://www.visa.co/password/confirm/confirm,0
https://user.biz/1h3d0yhm/ryyw40oeyqhap8/82jw2m9mo/qctes87a5zwq8/5on636i2r/245pup8f7ahw?unusual=1&update=true&access=1&verify=true&security=true,1
https://www.facbeook.io/paypal/activity,1
https://www.paypal.org,0
http://ow.ly/06pPY41,1
https://www.amazon.net,0
http://www.citi.org/instagram/admin,0
https://www.signin.co,0
http://236.73.226.32/paypal,1
http://account.amex-paypal.instagram.info,1
http://www.wellsfargo.password.biz/apple/profile/login,0
http://www.mastercard.edu/password/signin/verify,0
https://66.159.172.21/confirm,1
https://cli.gs/0pztG,1
http://www.instagram.info,0
http://www.visa.net,0
http://www.visa.gov/visa/signin/google?dashboard=amazon,0
http://80.77.184.139/wallet,1
https://97.212.33.188/banking,1
http://www.pawpal.info/signin/unusual,1
http://youtube.org@instagram.io/limited,1
https://www.insatgram.gov/update/secure,1
https://www.account.io/mastercard/dashboard,0
http://www.github.org/github?visa=profile&facebook=verify,0
http://discover.com/ip4n54vf0t/mn2aspimxomw1tj/vfg7vo5uzcph0s/lhmaez8v5/vrg0xvxopqkv1hi?suspended=1&secure=true&security=yes&verify=confirm&official=yes,1
http://verify-amex.verify.co,1
http://101.227.137.229/paypal,1
http://www.wellfsargo.co/alert/banking,1
https://www.walmart.bank.co,0
https://spotify.info,0
http://password.chase-user.citi.info,1
http://bit.ly/HDkUBM,1
https://netflix.signin.info/citi/confirm,0
http://www.citi.apple.co/netflix,0
https://google.biz/bcjeh30ldzycb/ffq2lyzggb/xo8npo9s?confirm=1&password=yes,1
http://www.account.biz,0
http://citi.biz/amazon?microsoft=paypal&walmart=netflix&citi=bank,0
http://www.signin.edu,0
http://www.paypal.edu/user?ebay=verify&signin=profile&discover=password,0
https://www.user.co,0
https://cli.gs/bXJWT,1
https://update.info/agvn72rpyl6iey/nf2umos0ldxw/oxw3zfjt2yzsb/l4nkrb1pm18yv/yh9vx800ozf6m/i4vvs1fmd34?unusual=true&urgent=true&notification=true&access=1&important=1,1
https://www.spotify.org,0
http://www.confirm.co,0
http://netflix.gov/w5pgmbx7h3z78f/mjrgie6f4ii/26iy3p9qq/890xjjrcgdlppn7?authenticate=1&access=1&banking=confirm,1
https://93.17.150.45/activity,1
https://www.login.io/dashboard/amex,0
http://161.209.5.44/paypal,1
http://185.152.186.103/urgent,1
https://www.youtube.co/instagram,0
https://activity.signin-netflix.instagram.com,1
https://www.walmart.net,0
http://paypal.net/vxf691y4l8hhdmg/766ynp2f77b/zz1os2tr0yyk/fle3hzy9el/itrhqam19ly6hck/0tn564svan7er/rmybxxv8g/x4jwbgki?access=1&important=1&security=1,1
http://www.walmart.account.com/visa/instagram,0
https://signin.linkedin-admin.user.biz,1
https://www.amazon.edu,0
https://www.linkedin.update.info/amazon?spotify=verify&account=microsoft,0
https://paypal.edu/facebook/spotify,0
https://www.update.info/instagram?citi=user,0
http://65.28.239.238/password,1
https://75.47.109.53/verify,1
https://google.co@admin.com/signin,1
https://amazon-linkedin.walmart.edu,1
https://41.56.178.226/verify,1
https://94.136.112.135/activity,1
http://google.info/password/admin?signin=twitter&amex=github,0
https://google-secure.target.info,1
http://google.net/88ct3zy3bnvm/jb5mntkf8w/tsdlyatlt/f51a0zlpcgd?important=yes&confirm=1&access=1&secure=confirm&suspended=true,1
https://www.signin-chase.io,0
http://www.signin.info/twitter/profile,0
https://walmart-youtube.info/wellsfargo/apple/bank,0
https://account.io@target.net/limited,1
http://bit.ly/sVPfp,1
http://www.paypal.youtube.co,0
https://www.netflix.apple.com,0
https://github.dashboard.info,0
https://www.microsoft.secure-google.net/spotify/youtube,0
http://www.walmart.org/ebay/amex,0
https://instagram.gov@bank.biz/banking,1
http://netflix.com@account.org/unusual,1
https://admin.net/6sp9zwexn/j7hygwudezzvf7d/mioe34cbpa/v8u12ia2mvu3zj/ftchzr63l/jglqg9esnfbfdx2/fi7ny2j0/novtyjtn5v?secure=confirm&banking=true&urgent=yes&security=confirm,1
http://www.dashboard.co/mastercard/bank/target,0
https://www.amex.password-twitter.gov/target/password,0
http://facebook.confirm.io,0
https://spotify.com@google.biz/verify,1
http://youtube.info/e7bdwxpjmfe3s73/c6hdgmbbnkg0/lbl42huqm/ic65uq9nnfxoo45/zn8hvjzmcjo82/vcvma1l1/8qdppeqazlqlidv?secure=true&update=yes&access=true&suspended=1,1
http://amxe.gov/confirm/security,1
http://mastercard-discover.biz/login?profile=mastercard&instagram=instagram,0
http://t.co/zKFsWZ2K,1
http://login.edu,0
http://243.153.124.9/password,1
https://134.89.172.238/important,1
http://microsoft.info/va3skv90/jcj84rrjlltr/eauhqbgxk/rjt0qomahrb8l0/k3i3nycw0i1r?important=1&unusual=true&paypal=confirm&confirm=yes,1
http://www.twittre.com/official,1
http://www.citi.com/ebay?twitter=mastercard,0
http://www.ebay.net/secure/password/citi,0
https://banking.dashboard-walmart.verify.biz,1
http://www.lcgin.biz/activity/access,1
https://224.215.151.214/activity,1
https://suspended.microsoft-google.wellsfargo.biz,1
http://www.mastercard.io,0
https://33.184.20.59/verify,1
https://youtube.edu@verify.net/alert,1
http://www.secure.walmart.io,0
https://twitter-github.target.co,1
https://www.account.amazon.gov,0
http://lgoin.io/account,1
http://www.mastorcard.biz/authenticate/login,1
http://ow.ly/sgUd1yzl,1
https://www.vreify.org/login/activity,1
https://www.cofnirm.info/paypal/activity,1
https://www.instagram.spotify.info,0
https://www.linkedin.instagram.com/spotify/apple?netflix=paypal&discover=profile,0
https://www.paypal.gov/signin/spotify?instagram=paypal,0
http://www.signin.org,0
http://amex.edu@verify.gov/password,1
https://www.amex.instagram-admin.biz,0
http://tr.im/z8oxyMy8,1
http://access.github-amazon.confirm.net,1
http://cli.gs/DmNtW,1
https://limited.bank-spotify.verify.co,1
https://131.33.127.63/password,1
http://update.edu,0
https://www.user.com/instagram/ebay/dashboard,0
http://229.205.236.9/limited,1
http://update.gov@netflix.org/urgent,1
http://www.secure.co,0
https://www.password-admin.biz/amazon/microsoft/bank,0
http://amex-apple.biz,0
https://www.twitter.biz,0
http://midrosoft.co/verify/login,1
https://tr.im/2HHKhNB,1
http://www.secure.org/admin/linkedin,0
https://www.user.discover.edu/microsoft,0
https://verify.io/euk3ubyqrky/963tclcbtstva7/xejld4ly3/pgjp08uowd1a7?secure=true&account=1&banking=yes,1
http://appel.net/activity/secure,1
https://is.gd/EtWEYwX,1
https://youtube.com@spotify.net/authenticate,1
http://goo.gl/DAXlgrm,1
https://www.amazon.gov,0
https://password.admin-github.secure.net,1
https://verify.info@twitter.net/notification,1
http://126.162.185.115/banking,1
http://ebay-signin.github.biz,1
https://www.paypal.account.edu/twitter/amex?profile=spotify&mastercard=netflix,0
https://instagram.edu/0mgl3rur63/96e3jqim7d0wlu/dj8v35b9syju9ge?alert=true&verify=1&verify=yes&verify=confirm&unusual=yes,1
https://amazon.info@amazon.net/banking,1
https://wellsfargo.info/ebay/linkedin/apple?account=mastercard&apple=user,0
http://www.citi-profile.co,0
https://www.youtube.visa-signin.org,0
http://www.psypal.net/password/limited,1
https://www.apple.instagram.net,0
https://187.151.252.50/access,1
https://www.signin.account.io/chase/google?instagram=walmart,0
https://www.microsoft.io,0
https://limited.profile-microsoft.mastercard.gov,1
http://dashboard.gov@secure.co/account,1
http://citi.edu@target.edu/suspended,1
https://www.linkedin.io/walmart/microsoft,0
http://ow.ly/Zw5RtfiA,1
https://134.205.118.25/activity,1
https://www.ebay.edu/microsoft/password/discover?youtube=profile,0
https://tr.im/ZttCB,1
https://74.68.225.2/wallet,1
http://secure.org/citi/update/user,0
http://wellsfagro.biz/official,1
http://chase.com/n603we1qbj/z4gri45w3/qen9wng9?activity=yes&account=confirm,1
https://is.gd/xHMJzk,1
https://amex.io,0
http://www.wellsfargo.verify.biz,0
http://authenticate.profile-target.chase.gov,1
http://netflix-verify.verify.edu,1
http://www.bank.io,0
https://signin.visa-mastercard.youtube.org,1
http://apple.edu,0
https://confirm.edu@update.edu/banking,1
http://125.75.4.222/update,1
https://www.password.net/account/youtube/bank?instagram=linkedin&bank=discover&github=amazon,0
http://github.co@ebay.net/suspended,1
https://www.ciai.net/password,1
http://netflix.biz/eqwqtqdr6ilv/uz3ca6zvnr2/e1ky9889w43x/e6rf99m4t4?update=1&wallet=yes,1
http://www.twitter.biz/facebook/login,0
https://www.bank.confirm.gov,0
http://www.visa.co,0
http://user.net/zik3tkevj/elhaf6nt/hzs2fb4d/0zm2hgf5s5?update=yes&signin=true&wallet=1&confirm=confirm,1
http://signin-mastercard.user.co,1
https://secure.net/72r2p07s7d3p6/lf9dl197zy2/ask48e6z7dcu5h/d617yyad/lkoxlhri?suspended=true&activity=1&access=yes&paypal=confirm,1
https://34.124.127.185/authenticate,1
https://www.apple.net,0
https://github.edu@google.org/update,1
https://www.admin.netflix-google.info/verify,0
http://www.facebook.info,0
https://admni.edu/suspended/limited,1
https://bank.biz@secure.edu/notification,1
http://wellsfargo.edu,0
https://target.org/eq7oxoont/v1m19t1tre/5twhz0s99mgg/v7dj1u89d9/ohmvi471togw1n/dmnr35hhds8f4bs/qel853n7314a3?notification=yes&verify=1&verify=1&activity=true,1
https://54.174.24.130/security,1
https://www.user.io,0
https://goo.gl/wxdsEQ,1
http://update-youtube.instagram.net,1
http://bank-twitter.google.co,1
http://www.bank.io,0
http://signin-visa.walmart.gov,1
http://www.secure.edu,0
https://www.linkedin.biz,0
http://www.discover.edu,0
https://www.bank.com,0
http://wellsfargo.gov/netflix/confirm,0
https://ow.ly/gBwWJ,1
http://www.target.org,0
https://75.96.240.209/authenticate,1
https://151.167.218.151/unusual,1
https://www.password.net/youtube?linkedin=facebook&secure=microsoft&google=profile,0
http://www.spotify.signin.co,0
http://tinyurl.com/7Md354qv,1
http://signin.gov@twitter.io/password,1
http://microsoft.biz@walmart.net/banking,1
https://microsoft.edu@github.biz/suspended,1
http://www.pessword.info/paypal/access,1
http://citi-spotify.bank.net,1
https://www.paypal-profile.gov,0
http://bank.net/ihd8tty9xjnu/6n0swf41yayp/jr3rcjykd/zxxtvevldh86/jn1rg0i2dqu1?limited=1&unusual=yes&suspended=1&secure=yes,1
https://verify.edu@amazon.gov/important,1
https://210.106.97.189/important,1
https://github-walmart.amazon.co,1
http://www.acdount.com/password/limited,1
https://www.mastercard.biz,0
https://discover-github.linkedin.io,1
https://www.account.org,0
https://mastercard.biz/4dpmx1icv17/m8ueihddv/wserx3qucy5dr4h/7w39meapu?login=1&login=true&paypal=yes&verify=1&suspended=yes,1
http://www.youtube.com,0
https://www.bank.com/account,0
http://www.login.co/facebook/apple,0
https://www.ebay.co,0
https://www.microsoft.edu/update/official,1
https://visa.edu/instagram?verify=password&youtube=facebook,0
https://mastrecard.net/secure/important,1
http://secure.signin-secure.facebook.net,1
http://www.citi.net,0
http://175.105.156.182/notification,1
http://login.net@wellsfargo.net/banking,1
https://visa.co/twitter,0
http://instagram.net/4g2sj6w12h56vo4/93wn7eaqut4/gt67ientkgn/zlphdprpq03lhl8/mm9j70pr?account=1&official=confirm&account=confirm&official=confirm,1
https://www.instagram.biz/twitter/admin,0
http://dashboard.com@user.info/verify,1
https://www.logzn.com/verify/confirm,1
http://confirm.info,0
http://confirm.google-google.walmart.org,1
https://target.admin.com,0
http://www.discover.biz/twitter/target/update?mastercard=instagram,0
http://signin.biz@visa.biz/verify,1
https://www.apple.co/spotify/verify/verify,0
http://bit.ly/5AwXNf,1
https://github.gov@confirm.info/wallet,1
https://56.131.180.83/password,1
https://www.dashboard.org,0
http://www.discover.gov,0
https://google.gov/twitter,0
http://www.facebook.info,0
https://www.twitter-walmart.gov,0
http://profile.edu@instagram.biz/official,1
http://activity.account-profile.google.com,1
http://microsoft.com,0
https://password.biz,0
https://www.confirm.mastercard-login.co/target,0
http://www.twitter.org/citi,0
https://41.89.242.190/limited,1
http://account.io/27dz3ec1g/pc4lrsnh3a429/uj76g5sptvbsh83/vsclfb286xjowd/twb7vporhvv1h/4h510sdk?signin=true&unusual=1&paypal=true,1
https://www.spotify.info,0
http://www.wellsfargo.ebay.edu/target?confirm=spotify,0
http://twitter.co/njfn5sig6mans0a/i4y8koyxl/mbt20600q0ku/nenpje5yg5kuf45/cewr4e9mwzj0u2/qzxzvve1r/9ptk273tj4?login=1&wallet=true,1
http://www.update.info,0
http://bit.ly/9Nw9oV65,1
https://www.facebook.com,0
https://walmart.co/ut10kp2mbot9dy5/vllws4acyu3a31/mnugle0td?access=1&secure=1&banking=true&suspended=1,1
http://github.info/49wagmo9r7rv/6x9oae5r001du/q9p67ex8?paypal=1&wallet=yes&security=yes&verify=true&signin=yes,1
http://www.uzer.info/login/suspended,1
https://www.admin.biz,0
http://www.target-spotify.io/github/user?signin=ebay,0
https://profile.edu@confirm.io/alert,1
https://94.101.133.62/secure,1
https://wellsfargo.info,0
https://www.dashboxrd.io/urgent,1
https://www.verify.walmart.gov,0
https://fayebook.org/suspended,1
https://www.veriey.io/activity/confirm,1
http://www.amazon-facebook.io/signin?microsoft=youtube,0
https://secure.co@account.edu/activity,1
https://secure.github-netflix.chase.com,1
http://dashboard.com/50rcbjss9gskj/4ens93u4n/a85m94q1/0a2v5a9pjqllhl6/kezoqs5rg86xi3q/3g003rn8879qmy/2jrmznjbgtimx?signin=true&banking=yes&verify=1&confirm=true&activity=true,1
http://150.93.179.71/authenticate,1
https://mastercard.com/ba88g2cnwjakayk/2b9uh0lne/7e2062b01/7i9ltqocai/5n8zfaoyi1h/qyl8kst52hca5jz/kt01gcx06x3u4h?password=yes&login=confirm&limited=confirm&account=true,1
http://www.login.info/spotify/github/confirm,0
https://www.instagram.twitter.edu/google/update/linkedin,0
http://www.visa.edu,0
http://twitter.info/cysfgzl68khzn3/ij5w611l/c8t5wmdp?security=1&security=confirm&verify=yes&password=confirm&wallet=yes,1
https://verufy.edu/authenticate,1
http://www.instagram.wellsfargo.org/paypal,0
https://www.walmart.gov,0
http://www.linkedin.net,0
http://youtube.net/ebay/microsoft?admin=spotify&secure=amex&profile=profile,0
https://twitter.co/j7d160wv/wm7b1pf4a4ew/405dcocm/k5w9u0yy44ap/z67x1ar2iqtof1e/uawkijd0v8h9dn?access=yes&wallet=true,1
http://www.google.co,0
https://www.twitter.net,0
http://password.secure-verify.google.org,1
http://login.signin.gov/netflix/target,0
http://microsoft.gov/woc08j4o3bbb2/upylynaa/gth1viuaewzbdmd?verify=yes&account=yes,1
http://target.edu/microsoft,0
http://visa-paypal.amazon.org,1
http://admin-github.info/signin,0
http://wamlart.gov/activity/notification,1
http://amazjn.edu/account/secure,1
http://www.target.net/dashboard?user=update&visa=confirm&verify=twitter,0
https://amazon-signin.discover.edu,1
http://www.amabon.com/alert,1
https://www.update.net/dashboard,0
https://www.usmr.co/verify,1
http://www.user.co,0
https://133.165.181.169/update,1
http://confirm-admin.paypal.info,1
http://citi.net@admin.co/unusual,1
https://goo.gl/eEnxVP,1
http://ow.ly/4hZf5V,1
https://user.net/ttmzqb5m9/jstcvjxwxppes8/23ow6in9x/f9pl7kvve81h/b50mzclito3okv/9u1nhr1c/7gzblf9j28?authenticate=1&password=confirm&access=confirm&update=1&paypal=confirm,1
http://100.163.226.247/update,1
https://www.user.login.edu,0
https://bit.ly/fZxsG,1
https://www.twitter.org/amazon/login,0
http://www.gihtub.co/account/account,1
https://www.verify.edu/mastercard/amazon,0
http://www.citi.target.io/spotify/apple,0
https://241.8.143.96/banking,1
http://www.update-paypal.info,0
https://233.193.133.140/signin,1
https://instagram.edu/linkedin/mastercard/netflix,0
http://www.linkedin.signin-bank.biz,0
https://google.org/gb61bbwhphja7/1hq7f7ig/vw8r2y9iaw9/ik6q73p7mobexam/yy9scaf6ko37z7e?confirm=yes&account=yes,1
https://www.apple.microsoft.co,0
http://account.walmart-discover.dashboard.biz,1
http://www.paypal.edu,0
https://target.info,0
http://www.confirm.edu/signin,0
http://twitter-youtube.spotify.info,1
http://www.paypal.signin.org,0
http://linkedin.info,0
http://www.porfile.info/login/notification,1
http://t.co/iZLA21,1
https://54.249.37.215/verify,1
https://instagram.com@password.org/update,1
https://www.spocify.co/paypal/important,1
https://www.verify.info,0
http://instagram.org@chase.edu/secure,1
http://profile-google.signin.gov,1
http://www.signin.com/instagram/amazon/paypal?github=login,0
http://www.google.net,0
https://www.paypal.gov/mastercard/wellsfargo/profile,0
http://10.57.88.66/urgent,1
http://password.instagram-youtube.linkedin.gov,1
https://www.update.wellsfargo.gov,0
https://www.linkedin.org,0
http://www.facebook.io/password,0
http://4.143.211.30/signin,1
http://admin.org/njhg8cu7mkf/utsrik7xwmvay4n/mmicv8gkjo/ia1xqi7hg0rpldj?authenticate=1&unusual=yes&password=1&limited=confirm,1
https://www.amazon.gov/microsoft/spotify?visa=linkedin&instagram=spotify,0
https://signin.facebook.info,0
http://www.dashboard.io/wellsfargo,0
http://account.net/dh4sldygj0ilp/4cknnilmd69g05/coht8f40/rpi2xkqmhv/clik4tzt9k2h7l/z34ysfmo/33bao20m4of?limited=true&limited=yes&confirm=yes,1
http://www.microsoft.info,0
http://www.dahsboard.biz/unusual,1
https://www.user.io/chase?secure=login,0
https://verify.secure-google.chase.io,1
https://www.amex.info/spotify/twitter/apple,0
https://www.admin.com/paypal/walmart,0
http://visa-login.paypal.gov,1
https://139.235.181.222/account,1
http://www.password.org/twitter/github/bank,0
http://wellsfargo.info/4ob9h1epn/65gcpqx9bi6/tc2fbboi9s79?unusual=true&access=1&important=true&security=yes,1
https://www.dbscover.info/security/access,1
http://www.logni.org/confirm,1
https://www.ebay.com/microsoft/google/bank?amex=twitter,0
http://www.update.biz/ebay/linkedin/instagram,0
https://ebay.io/sd48fca0m/rh2p047m/krnhowq8i/szs78bhx0/pvl7b2gdqebz/au4mh3pr4ke/3eakyoy6xu57nbt?password=true&authenticate=true&security=confirm&important=yes&paypal=yes,1
https://cli.gs/HAGPlv78,1
https://www.target.org,0
https://www.amazon.youtube.io/facebook,0
https://login.io/djwbzeo6hwt/mm452hrxl5fm6/93fe7dhn4kb7o/vcrhhng4vgr9cjz/f400yrdk29/8rzkxyktno?authenticate=true&banking=1&security=yes&login=true&wallet=yes,1
https://www.citi.org/admin/confirm/mastercard,0
https://profile.info/q418iqdmzdb56u5/7xp33rzl44/3tz3rd9g/jjs07d8vnvj68/4xz8aio9lmtzcaq?wallet=confirm&account=yes,1
http://38.19.55.241/confirm,1
http://www.discover.biz,0
https://www.walmart.org,0
http://www.visa.edu,0
http://www.citi.edu/amazon/bank/discover,0
https://139.168.144.13/access,1
http://mastercard.io/dashboard/discover,0
https://amazon.gov@apple.net/update,1
http://ebay.edu@account.info/signin,1
http://www.facebook.org,0
https://www.login-instagram.biz/youtube/login?ebay=twitter&confirm=dashboard,0
http://citi.io@update.info/activity,1
http://www.walmart.info,0
https://www.spotify.info/signin/google/dashboard,0
https://www.amex-apple.net,0
https://39.138.231.152/update,1
https://bank-netflix.confirm.edu,1
https://upaate.edu/authenticate/access,1
http://paypal.io/gyy9vm9jd/ble2gimkhcel0/q5i8ukzrst/8f4or8853/5t418mh5/jvru79zg4?access=yes&urgent=yes&login=true&authenticate=confirm,1
http://166.219.129.141/unusual,1
https://password-login.google.edu,1
http://www.verify.profile.net,0
https://www.spotify.wellsfargo.com,0
http://www.account.co,0
http://confirm.gov/facebook/update?microsoft=instagram,0
https://official.bank-apple.chase.gov,1
https://www.spotify.gov,0
https://174.15.150.231/wallet,1
https://profile.com/nk9ykpczck07/rktpo8o02/ukgo6asg1ldi?suspended=1&secure=1&banking=yes,1
http://ebay.gov@confirm.co/access,1
https://citi.org/unonwlql91tnc3j/ww6ajpqm04qwd/hbbdt95l?activity=true&activity=yes&password=1&limited=true,1
https://www.citi.net,0
https://sirnin.biz/wallet,1
https://www.github.co/authenticate/secure,1
https://bank.org@chase.io/notification,1
http://apple.net@profile.com/wallet,1
https://www.twitter-netflix.io,0
https://www.secure.info/user/youtube/discover?citi=ebay,0
http://instagram.org@microsoft.org/banking,1
http://185.70.253.252/signin,1
http://www.user.io/chase?amazon=account&login=ebay&account=youtube,0
https://www.mastercard.com,0
http://www.update.admin.edu,0
https://profile.info@instagram.biz/alert,1
http://www.facebook.biz,0
https://142.42.187.98/verify,1
https://www.signni.info/account,1
http://www.chase.com/facebook?google=mastercard,0
http://www.login.info/google/linkedin/spotify?visa=microsoft,0
https://www.user.account-citi.info,0
https://www.amazon.edu,0
https://www.signin.biz/github/paypal?github=signin&facebook=github&admin=dashboard,0
http://207.89.109.140/notification,1
https://www.githzb.org/paypal/paypal,1
http://www.discover.account.gov/dashboard?password=verify,0
http://cli.gs/fOrow2,1
http://cli.gs/GTLeZ,1
http://user.gov/2av2wucv6wfv0/2topc7g79nz/vn0p8y6ba9/hfk9h7mchv/75s7a0ql6od?account=confirm&banking=yes&unusual=confirm,1
http://232.130.41.159/activity,1
https://125.55.180.223/account,1
http://www.profile.edu/password,0
https://www.mestercard.io/update/banking,1
http://t.co/qKDMTWK,1
https://www.bank.chase.net,0
https://www.user-verify.gov,0
https://www.dashboard.info,0
https://netflix.biz/ncq21rqc7/nvw91jxwl/uzdcqcfv06?paypal=confirm&verify=1&confirm=1,1
https://199.226.234.205/access,1
http://twitter.biz/j1yg2ngsizp/vqk9ybcgt217u4s/ndxux8wnepm/zunga932vdq2/t2d67uuhbkp/qhk0q32j/0v1snbo260qaq?limited=yes&secure=confirm&wallet=yes&wallet=true&notification=confirm,1
http://www.target.net,0
https://tr.im/lFy9bb,1
https://facebook-bank.google.io,1
https://www.twitter.org/facebook/password/dashboard,0
https://190.223.216.54/urgent,1
https://www.microsoft.io,0
http://www.mastercard.update.biz,0
https://www.verify.co,0
http://tinyurl.com/2vlYcF,1
http://amex.co,0
http://www.user.org/github/password?discover=wellsfargo&profile=youtube,0
http://156.137.26.27/paypal,1
https://www.bank.visa.gov/verify/visa,0
http://banking.login-visa.account.biz,1
http://www.password.co/wellsfargo,0
http://www.amex.edu/paypal,0
http://www.dashboard.discover.info/chase?facebook=paypal&amex=user&spotify=visa,0
http://50.114.55.97/access,1
http://www.twitter.edu,0
https://bit.ly/aysBDfcO,1
http://www.paypal.ebay-netflix.net,0
https://www.secure.instagram.biz/user/apple,0
http://ebay.net/discover,0
http://uber.biz/secure/password,1
https://facebook.com/citi/signin,0
http://www.bank.spotify.co,0
https://www.login.gov,0
http://amazon-bank.amazon.edu,1
https://www.ebay.net,0
https://signin.net@discover.org/banking,1
http://127.109.147.182/unusual,1
https://www.google-microsoft.net,0
https://cli.gs/bgbdg7u,1
http://github.org,0
https://amazon.gov/wnzn65tlgtqf1/kdarq44ckreaxg2/16uxbih4/a6qwbazpraqj/iofd18e4cnd/a4p75m48ijcu/zdk8egkhp?official=confirm&activity=confirm&confirm=yes&suspended=confirm&password=yes,1
https://www.ebay.spotify.net,0
https://www.discover.edu,0
https://youtueb.io/update/authenticate,1
http://microsoft.discover.co/google/walmart,0
http://walmart.biz,0
http://uker.org/password/official,1
http://www.update.gov/account/signin?citi=visa,0
http://password.net@spotify.info/secure,1
https://www.linkedin.co,0
http://www.gitaub.io/signin/verify,1
http://www.wellsfargo.edu/instagram/wellsfargo,0
https://www.amex.com/paypal?secure=update,0
http://www.msatercard.edu/verify/login,1
http://profile.org/aftsmwpfyg/v689jh6zl/zpqor0y2?official=true&update=true,1
http://discover.co,0
https://www.google.org,0
https://www.password.io,0
http://www.citi.info,0
https://facebook.com/ebay/target/update?profile=spotify,0
http://profile.biz@profile.org/banking,1
https://www.ebay.com/mastercard/amex,0
http://cvase.net/signin/security,1
http://www.github.co,0
https://www.discover.info/discover/verify,0
https://www.paypal.amazon.biz,0
http://chase.org/visa/netflix,0
http://spotify.co@confirm.net/official,1
http://www.paepal.org/limited/suspended,1
https://216.13.180.210/notification,1
http://profile.chase.co,0
https://www.twitter.org/instagram,0
http://tr.im/cc5uAVfS,1
https://ow.ly/HHa2TZA,1
http://71.15.138.233/password,1
http://www.user.org,0
http://confirm.io@wellsfargo.net/urgent,1
http://notification.amazon-signin.user.io,1
https://visa.co@dashboard.info/confirm,1
https://www.dashboard.biz/ebay,0
http://cli.gs/lybQW,1
http://www.github.dashboard.org,0
https://49.167.68.48/confirm,1
https://youtube-linkedin.discover.edu,1
https://www.target.edu,0
http://235.69.194.133/confirm,1
http://instagram.info@account.com/suspended,1
https://target.net,0
https://www.target.org,0
http://dashboard.net@spotify.org/security,1
https://update.secure.com/paypal,0
http://www.spotify.io/citi/account?confirm=signin,0
https://82.209.228.45/paypal,1
http://chase.io,0
https://www.instagram.target.net/confirm/paypal,0
http://bnak.info/verify/official,1
http://www.account.google.net,0
http://www.confirm.facebook.org,0
http://t.co/Zr0LgH,1
https://www.verify.gov,0
http://www.github.mastercard-mastercard.co/apple/youtube,0
https://187.50.214.214/wallet,1
https://signin.info@bank.org/confirm,1
https://verify.info@ebay.co/login,1
https://www.instagram.com/chase/paypal/youtube,0
https://tr.im/fcQyD,1
http://www.paypal.edu/wellsfargo,0
https://www.secure.co,0
http://cli.gs/E9lHn,1
https://www.target-facebook.gov,0
http://wallet.bank-github.bank.edu,1
https://www.citi.account.io,0
http://www.confirm.info/profile/dashboard/confirm?bank=twitter&facebook=bank,0
http://www.netflix.biz/signin?linkedin=profile&signin=walmart,0
https://249.114.193.235/official,1
http://gtihub.io/authenticate,1
https://amazjn.gov/suspended,1
https://bank.info@profile.io/notification,1
https://ow.ly/7thXOjM6,1
https://microsoft.edu/mjr921il6fjsn4/u1ooauk6hqrdy/o66o28rpwesuy/c67jol3ohqvmh/ut1z6p6y23?important=yes&security=1,1
http://www.apple.biz/bank/secure/admin?update=login&twitter=ebay,0
https://29.237.7.252/login,1
https://www.netflix.net/amex/google?spotify=secure,0
https://amazon.info@paypal.gov/banking,1
https://signin-citi.update.net,1
http://www.amex.info/amazon/facebook/linkedin?youtube=password,0
http://goo.gl/DKC02,1
http://www.citi.com/verify/google,0
https://www.signin.biz/chase/paypal,0
https://www.verify.microsoft.edu/verify/instagram/password,0
https://177.145.168.124/official,1
http://citi.edu/n85tay2tx5mms/tm78l466bh4/5wup62rh542?login=1&notification=confirm&verify=yes&paypal=confirm,1
http://google.co@secure.co/login,1
http://www.bank.microsoft.gov,0
http://www.password-facebook.io,0
https://www.amazon.confirm.info/github/bank/profile,0
https://official.apple-spotify.linkedin.io,1
https://is.gd/N9TGS,1
http://apple.biz,0
https://www.verify.info/instagram,0
https://www.walmart.gov/instagram,0
http://www.account.paypal.info,0
https://251.229.45.156/update,1
http://www.user.apple.net,0
https://spotify.biz,0
https://www.wellsfargo.org,0
http://www.dashboard.co,0
https://www.profile.io/signin/discover?amazon=confirm&netflix=spotify&netflix=linkedin,0
https://user.co/user,0
https://goo.gl/gOb68tzN,1
https://www.dajhboard.gov/signin/wallet,1
http://www.dashboard-login.com,0
https://citi-profile.profile.info,1
http://www.login-verify.biz/linkedin/twitter/spotify,0
http://129.229.46.48/important,1
https://mastercard-account.amazon.com,1
http://user-admin.twitter.com,1
http://www.visa.target.co,0
https://amazon-ebay.io/amex/microsoft/linkedin,0
https://www.netflix.io,0
https://signin-netflix.netflix.com,1
http://important.facebook-ebay.netflix.net,1
http://www.verify.twitter.net/amex,0
https://www.dashboard.info/wellsfargo,0
https://verify.apple-admin.wellsfargo.org,1
https://www.visa.biz,0
http://www.linkedin.info/profile/facebook/target,0
http://walmart.io/q6d3ljdhq/bqj0vbuse5qwari/pfvu92ic/3th9lzlnl7y/0yp2hi5wjunh?verify=1&password=true,1
http://www.secure.net,0
https://66.83.249.117/important,1
http://221.106.186.231/signin,1
http://www.acconut.biz/verify/urgent,1
http://199.154.145.229/official,1
https://www.acconut.co/verify/password,1
https://www.dashobard.org/activity,1
http://163.163.187.171/password,1
http://www.mastercard.gov,0
https://www.update.info/twitter/dashboard/bank,0
http://signin-citi.wellsfargo.net,1
https://t.co/xR9ATibW,1
https://www.target.biz,0
http://confirm.info/os5s356p/dsgo2q3elf5/4q6l4uups/zvrmqfg67tqkqm?verify=yes&unusual=yes&important=1&password=yes&verify=confirm,1
https://www.discover.org/chase?youtube=discover&facebook=profile&account=microsoft,0
http://t.co/y0SYjr,1
https://paypal.gov@linkedin.gov/wallet,1
https://cli.gs/TumoJbjw,1
https://www.target.biz/dashboard?linkedin=profile&user=spotify,0
https://www.linkedin.gov/ebay,0
https://www.chase.info/secure/dashboard/amazon,0
http://urgent.password-profile.instagram.io,1
http://amazon.biz/discover,0
http://www.youtube-youtube.biz/dashboard/walmart/dashboard,0
https://www.bajk.info/authenticate/important,1
http://www.discover.org/profile?wellsfargo=dashboard&apple=confirm,0
https://www.discover.net,0
https://dashboard.com@amazon.edu/access,1
http://www.tagret.co/verify/official,1
https://account-password.user.biz,1
http://account.facebook-linkedin.account.biz,1
https://account-facebook.github.biz,1
http://www.uesr.biz/notification,1
http://www.secgre.co/unusual,1
https://is.gd/GS9Pv3,1
https://www.signin.amex-account.org/youtube,0
http://245.28.26.247/alert,1
http://www.update.com,0
https://tinyurl.com/Zt3j9N,1
http://www.mastercard.co/admin/verify,0
http://google-citi.dashboard.com,1
https://citi.org/bxkq2230m4196/arp5dxc6tcsjh/f08aifzdvt/jb5vy1je6g/2uf1nehso/mtd1jicf?alert=confirm&activity=1&security=confirm&authenticate=1,1
https://secure.net/myq6qta9cj6/wfo1ge8ll/8fz6zc345bn/qecva4bu/jtrpun2ejym/u4qqxmnf2t0jd/nu81c0cer?paypal=true&official=yes&login=1&confirm=true,1
https://bank.apple.info/walmart/microsoft/profile,0
https://2.59.185.153/official,1
https://www.profile.org/user?google=ebay,0
http://197.106.208.99/important,1
http://secure.org/4j0kkojme1t/ma0fxbu2nam8/r3185jfe3kalhs/19xnt5bf6c37v/c7bl6hss16604mc?notification=1&official=confirm,1
http://chase.com/visa/netflix,0
https://www.confirm-apple.gov/user/facebook?login=netflix,0
https://www.bank.com/user/chase,0
http://www.youtube.info,0
http://citi.co@discover.net/banking,1
http://www.citi.bank.biz,0
https://www.isntagram.org/urgent/verify,1
http://t.co/WKrHhes5,1
https://138.106.215.250/official,1
https://youtube.co@update.biz/secure,1
http://linkedin.io/netflix/linkedin/walmart,0
http://admin-visa.linkedin.org,1
http://signin.gov@spotify.biz/paypal,1
https://www.verify.signin.net/dashboard?walmart=wellsfargo,0
http://www.twitter.info/netflix,0
http://www.goodle.info/account/login,1
https://www.verify.org/youtube,0
https://github-verify.facebook.biz,1
http://www.twitter.co,0
https://www.amazon.biz/update/youtube/profile?mastercard=dashboard&target=mastercard,0
http://visa.org@twitter.net/paypal,1
http://179.53.232.169/secure,1
http://ow.ly/AttYkK,1
https://linkedin.io,0
https://walmart.com@account.net/suspended,1
http://account.co/amazon/discover/bank?account=profile,0
http://www.secure.visa.net,0
https://200.140.19.76/notification,1
https://lowin.io/banking,1
http://www.amazon.org,0
http://www.login.org,0
https://www.amazon.biz/verify/user,0
https://www.discovrr.gov/password/important,1
http://www.password.biz,0
http://www.accopnt.gov/wallet,1
http://www.user.gov/facebook/citi/secure,0
http://www.walmart.io,0
https://www.update.io/confirm/dashboard/netflix,0
http://chaee.com/account/security,1
https://www.linkedin.info/discover?youtube=user&github=confirm,0
http://www.amex.biz/wellsfargo/visa?twitter=mastercard,0
http://www.wellsfargo.io/profile/update/user,0
https://visa.co/0a1msc3zs/640e2cln38hxg5/i3hcj4nuyo6f/p4b2z0utd/2urc1huc6i2fn0x/yvbk4rba?official=true&banking=true&official=yes&alert=true&limited=yes,1
https://apple-instagram.info,0
http://www.profile.biz/login/citi/bank?citi=youtube&user=apple&spotify=google,0
http://instgaram.gov/unusual/wallet,1
http://login-mastercard.signin.com,1
https://www.vila.gov/authenticate/account,1
https://www.updaet.net/urgent/unusual,1
http://access.spotify-citi.target.gov,1
https://www.veyify.info/unusual/verify,1
https://notification.citi-mastercard.account.io,1
http://amazon.com,0
http://linkedin.co@user.com/activity,1
https://www.instagram.io,0
https://login.co/admin/profile,0
https://www.ebay.chase.co/spotify/walmart,0
http://microsoft.spotify-facebook.net/walmart/admin,0
http://163.11.201.52/wallet,1
https://update.net@linkedin.biz/security,1
http://www.password.io/facebook,0
http://www.bank.account-account.io/discover/visa,0
https://account.gov/facebook/discover?amex=walmart&wellsfargo=chase,0
https://50.97.249.76/secure,1
http://ebay.org,0
http://www.discover.com/user,0
https://citi.com,0
http://tr.im/epMjZ,1
https://www.bank.net,0
https://admin.info@wellsfargo.biz/login,1
https://alert.chase-user.secure.co,1
https://t.co/CNJh1IrU,1
https://verify.edu/qrtlnwjxdnu/5r1q2jdgx2/efo61qr1k3pze/eni33ko0qhcz/edo7jccaayxcw/42hgv4kp4mb/zcbpp6cyehfuy1x/jr0xzo8sz4e?password=1&paypal=confirm&security=yes,1
https://visa.com,0
https://www.profile.co/facebook/citi,0
https://www.amazon.net/account,0
http://www.user.edu,0
http://citi.io@secure.info/update,1
https://signin.gov,0
http://walmart.info,0
https://www.dashboard.spotify.biz/walmart/paypal/visa,0
https://login.instagram-login.amex.co,1
http://banking.password-youtube.spotify.co,1
http://www.update.info,0
https://www.signin.info,0
https://walmart.biz/n1gt82lcmm0gbgo/3lu0jdy4/t14e5jq4rd8v/o29vq9l8/dtvjabhshxbosfb/3twn1ilbch?suspended=confirm&verify=yes,1
http://linkedin.org@chase.com/paypal,1
http://www.microsoft.microsoft.biz,0
https://www.ebay.gov/citi/paypal?citi=citi&github=apple&dashboard=amazon,0
https://www.account.biz/visa,0
https://discover.co,0
https://www.linkedin.microsoft-youtube.gov,0
http://walmart.net@amazon.net/access,1
https://official.wellsfargo-netflix.secure.edu,1
https://suspended.profile-github.update.org,1
http://www.amazon-amazon.org/mastercard?password=bank,0
https://www.linkedin.biz/apple,0
http://www.ebay.confirm-target.co,0
https://www.signin-chase.co/signin,0
http://89.145.107.51/suspended,1
http://www.wellsfargo.gov,0
http://73.114.85.32/official,1
https://2.154.153.47/access,1
https://accmunt.gov/secure,1
https://admin.biz/confirm,0
http://t.co/CF3DjS,1
http://www.signin.biz,0
https://user.biz@password.net/login,1
http://www.mastercard.com/confirm,0
https://visa.net/login/youtube?user=github,0
https://ebay-verify.facebook.co,1
https://twitter.gov@bank.io/banking,1
https://login.com@twitter.info/paypal,1
https://login.org/asvx4evmpc19spy/9n7rzm879m/iclr46uy?update=confirm&wallet=true&secure=confirm&urgent=confirm&notification=yes,1
https://www.login-github.net/confirm/apple/admin,0
http://www.signin-microsoft.biz/walmart?ebay=chase,0
https://dashboard.co,0
https://www.twitter.info/wallet,1
https://google.edu/pjnja90t35z/bxrzjumb/ug8y8xzo08xxcg/6rcsxj0elu8/hc02qlkm/4tlwyvtigtljsni?verify=true&update=confirm&secure=true&suspended=1&activity=confirm,1
http://twitter.verify.net/facebook/login/signin,0
http://www.user.gov/citi/instagram/discover,0
https://www.secure.info,0
http://www.chase-discover.org/password,0
https://www.password.netflix.com/linkedin?spotify=verify&secure=bank&amazon=linkedin,0
http://instagram-verify.bank.net,1
https://222.172.214.127/authenticate,1
https://www.citi.net,0
http://www.walmart.co/instagram/apple/netflix?citi=update&visa=apple,0
https://facebook.edu/user,0
https://amazon.info,0
https://www.github-chase.co/wellsfargo?account=amex,0
https://www.discover.mastercard.io,0
https://www.verify.edu/amex/dashboard,0
http://security.netflix-google.user.io,1
http://ow.ly/modeAO0e,1
https://www.account.info/apple/account?account=amex&profile=admin&ebay=facebook,0
http://www.linkedin.biz,0
http://www.spotify-linkedin.gov,0
http://168.14.224.220/login,1
http://www.dashboard.com/twitter/discover/twitter,0
http://www.update.gov/walmart,0
https://128.69.21.47/activity,1
http://www.ebay.io,0
http://unusual.secure-verify.microsoft.io,1
http://www.update.com,0
https://walmart.org/bank,0
http://microsoft.io,0
https://dashbvard.com/limited,1
http://www.account.com,0
https://bit.ly/KDfHb,1
http://74.203.29.125/limited,1
http://www.amex.biz/ebay,0
http://www.wellsfargo.org,0
http://www.amazon.edu,0
http://user.info/xnydek79/981uflpvp/tm6nnnb6h/ywu6l9h4hna/39ehetr6q6/qyqld7skllnz/6321vuujvpc0u?wallet=confirm&limited=yes,1
http://microsoft.co/netflix/amazon/user,0
http://target.chase-login.com,0
https://visa.net,0
http://www.walmart-password.com/confirm/login,0
https://www.linkedin.facebook.edu/ebay/target/profile?secure=dashboard&wellsfargo=update&amazon=instagram,0
https://www.github.io,0
http://password.net/walmart/visa?paypal=ebay&instagram=netflix&dashboard=walmart,0
https://profile.edu/h0jejpkypt/ebg0rz85rfj6/9rmf520ubofnpf/4apf0ey0b/5eoggfexxmrh5/tg5yxlhs6xmy5/6fuuc8nmwd3x/ay517dgcu?account=confirm&verify=yes&secure=1,1
http://www.secure.info/amazon/apple?microsoft=ebay&bank=google&wellsfargo=linkedin,0
http://facebook.co,0
http://www.twitter.org/bank/walmart,0
https://www.instagram.co,0
http://bit.ly/cvXERA6,1
http://verify.co/x9rx9qp2i3/3fyopeor/qkq8yz9pznkz5te?secure=1&access=1&verify=yes&login=confirm,1
http://aqex.biz/account/account,1
http://profile-walmart.walmart.org,1
https://www.chase.secure.info/ebay/facebook/account,0
https://www.chase.biz,0
http://profile-mastercard.microsoft.edu,1
http://www.bank.org,0
http://www.password.profile.info/microsoft/login?account=mastercard&citi=linkedin,0
https://www.signin.paypal.org/linkedin/instagram,0
https://twitter.gov@instagram.biz/banking,1
http://google-confirm.walmart.gov,1
https://www.linkedin.co,0
http://www.target-twitter.gov/paypal/confirm/linkedin,0
https://www.profile-wellsfargo.org/bank/ebay/ebay,0
https://www.signin.com/paypal,0
https://ebay.gov/amazon/youtube,0
https://www.wellsfargo.edu,0
http://234.244.42.104/account,1
https://linkedin.com@google.org/official,1
http://www.bank.io,0
https://www.account.io/signin?amazon=chase&target=bank&netflix=login,0
http://211.226.68.150/notification,1
https://www.login.com,0
http://www.google.netflix.com,0
http://apfle.net/secure/update,1
http://www.apple.info/account,0
https://251.209.109.253/banking,1
https://www.verify.gov/twitter?visa=mastercard&netflix=twitter,0
http://citi.info/36awzi52/jebbfowbbz/fdw8iundcsom8g/vwv6mjhhr2/o22fdfewy7air7t/irrdp7skix3nk4?secure=confirm&paypal=true&banking=confirm&activity=confirm&notification=true,1
http://youtube.io/92g7fqhdny7fki0/alwmohikyh453k/teuxy2swjca/hrqni2pdy2/axbz5e1k48nfycc/sg8q9om0ocdjii/y6h1hoqp9/6t4n17wplxu2?security=yes&activity=yes&secure=yes,1
https://bank.instagram.biz/signin/admin,0
https://118.5.182.3/limited,1
http://www.pzypal.gov/notification,1
https://ow.ly/330SEV,1
http://www.amex.discover.com/citi/twitter,0
https://76.92.200.183/access,1
http://vrsa.edu/important/paypal,1
http://spotify.edu@instagram.com/verify,1
http://wellsfargo.co/vbc3dfby96dy3/1clh1hou1s7s0b/dvpe3r42l2viv/mnk62n3pu4/hvbdzf4ii?access=confirm&paypal=confirm&paypal=yes,1
https://visa.biz/discover/discover/login,0
https://www.update.net/walmart,0
https://166.167.167.197/login,1
http://www.update-spotify.edu/apple,0
http://www.discover-instagram.com/instagram,0
https://www.facebook.gov/instagram,0
https://www.github.co,0
https://www.netflix.biz/admin,0
https://chase.org@youtube.biz/update,1
http://www.apple.biz/visa/wellsfargo,0
http://chase.facebook.info,0
https://activity.discover-mastercard.admin.gov,1
http://206.138.238.178/unusual,1
https://www.user.edu,0
https://goo.gl/QtRzZt,1
https://www.ebay.twitter.biz,0
https://profile.edu/secure/urgent,1
http://www.walmart.io/dashboard?instagram=youtube&target=update,0
http://spotify.org/discover/spotify?chase=account,0
http://www.instagram.walmart-spotify.com/spotify,0
https://microsoft.net,0
https://citi.org,0
http://www.mastercard.co/wellsfargo/paypal/mastercard,0
https://www.wellsfargo.org,0
https://www.dashboard.co/update?user=walmart&bank=wellsfargo,0
http://microslft.gov/wallet/security,1
https://walmart.biz,0
https://confirm.citi-discover.visa.edu,1
https://www.instagram-microsoft.io,0
http://amyx.co/important,1
https://tinyurl.com/Qr22O1Zm,1
http://ow.ly/5WSoL1n,1
http://tinyurl.com/X4N0K,1
https://www.secure.edu/wellsfargo/microsoft?youtube=google&password=discover,0
https://51.22.19.57/unusual,1
https://www.password.instagram.com,0
http://www.login.user.org,0
https://www.wellsfargo.com/discover/twitter/facebook,0
http://www.account.edu/signin?account=update,0
http://239.27.93.194/security,1
http://paypal.io/sg369nrlt/07akd8ruuq3h/28orrxvkfbie/vg352d0mukif9l/s1i1ffqhb/26kngw0u6th/73t4x5z2?account=yes&signin=1&authenticate=1&unusual=confirm&wallet=yes,1
https://www.amazon.edu,0
https://mastercard.org/776ncsute1cost/w251o1xwaft/dtztxc0grg?official=yes&update=1&signin=yes&signin=1,1
http://www.paypal.info,0
https://212.112.123.219/important,1
http://is.gd/wOj4es,1
http://www.google.target.org,0
https://paypal.target-apple.discover.com,1
https://www.citi.walmart.edu/ebay?chase=netflix&linkedin=password,0
http://secure.io@paypal.edu/signin,1
http://www.netflix.biz,0
https://www.google.co,0
https://micorsoft.co/important/login,1
http://ebay.biz@citi.biz/unusual,1
http://admin.edu,0
http://www.microsoft.org,0
https://verify-amex.youtube.com,1
https://232.97.1.152/alert,1
http://56.24.240.252/important,1
http://77.111.8.138/account,1
https://15.57.88.102/unusual,1
https://www.target.com,0
https://www.admin.discover.edu,0
https://dashboard.org/fecsgqtwlo/1lss34ujxxiart/h6w9qt2tlx5wtai?limited=yes&authenticate=confirm&update=1&activity=confirm,1
http://ow.ly/vbkJKfo,1
https://www.target.microsoft.edu/spotify/youtube,0
https://www.discover.com,0
http://confirm.com/toucoe1scnnr/5mwsb0r3/v8fe8wom43n7v/myg8os276eq/gpubao84i48e/epicxvyk?login=1&verify=yes&notification=true&activity=true,1
https://www.ebay.org,0
http://www.admin.com,0
http://www.secure.facebook.co/spotify/target?walmart=citi,0
http://www.confirm.biz/account/twitter,0
http://confirm.io@youtube.edu/notification,1
http://apple.biz/limited/notification,1
http://www.facebook.edu,0
https://login-apple.dashboard.edu,1
http://netflix.net/ysl1k96lf/t7j2z83f/kqmdvtjl1i2/v2fkw3aiklq9/chs2tuav7/j0e2q39si222/vnr91zglibt0w?limited=confirm&authenticate=confirm,1
http://www.target.org,0
https://www.amex.biz,0
http://www.updabe.info/secure,1
https://www.wellsfargo.edu/amazon/github/citi?facebook=dashboard&dashboard=discover&linkedin=visa,0
http://www.twitter.com,0
https://spotify.linkedin-amazon.info,0
http://dashboard.org/vawhgcro/asjwfzn8gxz/chi7no9ly3rfm5/c5b5lwcbzhv66ej/do23nbby60jn?access=confirm&activity=confirm&account=true,1
https://www.github.net/microsoft/target?confirm=wellsfargo&dashboard=chase,0
https://ebay.info@google.gov/account,1
http://233.51.59.119/password,1
https://discover.info/qdxrjsvc31sw/sip3ma14mngch/vc24s3315utmf/rzwtngm8reo07q/bloi573cpex3b8/m5qzne6do?confirm=true&alert=yes&important=confirm&verify=1,1
http://www.twitter.info,0
https://amex.io/ei1xr0qhuwu/nfiaywbxyi5b40/68c6pji2fe/klcym3pjn0h4?confirm=confirm&unusual=1&update=yes&notification=yes,1
https://95.6.59.237/access,1
http://www.account.info,0
https://246.186.77.18/paypal,1
https://is.gd/lNiO2wZ,1
http://www.twitter.com,0
http://www.paypal.biz/ebay/secure,0
https://dashboard.edu/5kb6ylrabatjlrv/zd4hjduk/aon9xhe3q/mj9adtbn/epq3bum03ihq/qxlfyi210egmx/25vyaxef1xa14f/npp1amk3?paypal=true&important=true&password=yes,1
http://walmart.info/bank/dashboard/walmart,0
http://103.253.136.32/password,1
http://www.youtube.update.gov/github/chase,0
http://dashboard.org/ro9d1g2zfrmw/4au5hx75xv2xb/o5t802t5dzjpy7/k8usd6gzsorlpa/213xeyr4ojbx/rzcvz2jwh6cj1u/2d5h6rhb04d47/ig3l563ope?security=confirm&important=yes,1
https://admin-password.wellsfargo.gov,1
http://tinyurl.com/oQSjfoe,1
https://chase-amazon.facebook.gov,1
https://www.google.io,0
http://www.twitter.apple.co/citi/twitter/mastercard,0
https://tinyurl.com/zTwum,1
http://user.info@target.info/signin,1
http://www.linkedin.gov,0
https://www.admin.edu/secure,0
https://account.biz@paypal.org/important,1
http://www.passwlrd.com/account/suspended,1
http://www.microsoft.facebook.org,0
http://aemx.gov/official/alert,1
https://www.profile.net,0
https://183.216.119.193/alert,1
http://www.confirm.walmart.info,0
https://www.wellsfargo.org,0
http://www.discover.com/admin/dashboard/apple,0
http://www.proflie.com/important,1
https://www.target.biz/walmart/citi,0
https://50.194.9.39/authenticate,1
http://bank.biz/yejnw9wdcgitbtb/arabmpmzyu/1ijk7rh6z68za/0df782t9rdbvu?official=1&secure=yes,1
https://197.74.103.135/banking,1
https://www.citi.biz/signin/amazon,0
http://www.user.paypal.org/password?apple=netflix&youtube=secure&youtube=apple,0
https://ebay.co/r17tn582b/ind3swx0sgj/wy0vf5rlxwst/4skev684/z4w4qlx7rh0/53emw7vgn/invhorosz4?verify=true&signin=yes&important=confirm,1
https://bit.ly/NVOJ63,1
https://www.spotify.com/confirm/ebay?secure=update&github=login,0
https://signin-dashboard.citi.org,1
https://citi.com/github?netflix=chase&signin=signin&ebay=apple,0
http://www.spotify.net,0
https://account-user.edu,0
https://www.account.org,0
https://bit.ly/hgXBNz,1
https://www.google.net/apple/apple?user=wellsfargo,0
https://www.admin.io,0
http://instagram.co/kjkdvpha1dgge8/xw7ljn95/zc7fvbbam/c9vgra5us3fg6xf/4nk04a2ldrrsfo/7fh7lzbazelv23?official=true&authenticate=1&official=1&signin=1,1
https://www.microsoft.co,0
http://95.126.5.223/secure,1
https://www.vira.co/signin/alert,1
https://twitter.io@secure.org/wallet,1
https://goo.gl/sEXBIGsC,1
http://193.190.41.81/limited,1
https://www.netflix.gov/visa?signin=user&confirm=facebook&confirm=walmart,0
http://bit.ly/RWrmSJ,1
https://www.password-chase.edu,0
http://apple.account.net,0
http://www.instaoram.org/authenticate/password,1
http://www.visa.ebay.org/confirm/amazon/target,0
https://youtube.net/fv0owfn4xdi/dgqs0eamunt/yz51lvra7kk8v/vohs83r1b/g1qf4ajzpfb/2hegclqwgpkrhq?paypal=yes&signin=true&account=1&alert=confirm,1
http://www.verify.net/citi/netflix/instagram,0
https://secure-profile.google.io,1
https://verify.youtube.info,0
https://visa.com/ebay?admin=admin&bank=discover&netflix=walmart,0
https://www.update.edu,0
https://github.com,0
https://www.login.ebay.info,0
http://www.microsoft.io,0
http://amazon.info@admin.gov/account,1
https://www.profile.io/discover/target,0
http://www.ebay.info/discover/amex,0
https://www.account.edu,0
https://91.212.218.165/update,1
https://tinyurl.com/6YDAB,1
https://www.verify.com,0
http://www.confirm.io/walmart/chase/discover,0
https://www.ebay.edu,0
https://www.instagram.info,0
https://confirm.net@apple.gov/secure,1
https://www.confirm.com,0
https://www.spotify.co/unusual,1
http://www.linkedin.com/amazon/instagram?ebay=wellsfargo,0
https://microsoft.admin.com,0
https://www.netflix.paypal.biz,0
https://visa.org,0
http://www.confirm.edu/target,0
https://signin.edu/target/dashboard,0
http://www.verify.verify.io,0
https://microsoft.com/ebay/paypal/mastercard,0
http://spotify-apple.info,0
http://www.signwn.edu/urgent/confirm,1
http://google.net/discover/walmart/admin,0
http://visa.net@profile.org/wallet,1
https://www.signin.io,0
http://www.twitter.org/admin,0
https://discover-secure.biz,0
http://www.dashboard.info/login,0
https://www.login.github.io,0
https://www.account.facebook.net/google/update/github,0
https://www.spotify.io,0
http://citi.com/5byf1wfsgad/jiieddv5/c04pfad3fh/r9ziqct9t0nwfvi/mvn07spm8u/6uc0ljwo8e?activity=yes&verify=yes&paypal=confirm&suspended=1&update=confirm,1
http://www.netflix.org,0
https://wellsfargo.edu/qfbwwha5y/u1k8c3gpgv6la/vqka0a73xb/8epbbrsu9ftvm88/sebr9xl2se494/scwwihop/owbmemj3t6/4pmmot1uc5?confirm=1&suspended=yes,1
http://bank.io@dashboard.edu/unusual,1
http://www.walmart.ebay.net/youtube,0
https://www.verify.org/verify,0
http://100.177.86.154/wallet,1
http://www.amfx.biz/paypal/verify,1
http://microsotf.org/banking/banking,1
https://password.biz/u8t7chvm83s2zt7/map2qfiyu0mx23k/htu9c8ufvzvybrr/fkgzraro24tw9/svn44qxz/irl859zrut/kdxgsuded9?authenticate=1&account=true&banking=true&official=yes,1
https://wellsfargo.info,0
http://update.info/chase/secure?linkedin=target&signin=wellsfargo&verify=spotify,0
https://www.chase.gov/netflix/target/update?mastercard=secure&wellsfargo=secure,0
http://www.signin.biz,0
http://update.io@paypal.info/update,1
http://t.co/NwHNMvA,1
https://linkedin.io/dashboard/admin/amazon?password=linkedin&chase=instagram&verify=instagram,0
http://youtube.gov@amazon.info/login,1
http://www.spotify.gov/secure/github,0
https://www.spotify.gov/update/account/ebay,0
https://netflix.biz/amazon/amazon,0
http://www.paypal.gov,0
http://www.dashboard.com,0
https://ebay.edu,0
http://target.net/netflix?target=github&discover=login&profile=bank,0
https://183.27.88.201/official,1
https://eaby.com/important/urgent,1
http://www.citi.spotify.com,0
http://www.walmart.org,0
http://166.71.177.199/security,1
http://update.edu@paypal.io/suspended,1
http://www.amazon.microsoft.io/amex/dashboard/github?dashboard=paypal&spotify=profile&update=amex,0
https://www.twitter.io,0
https://www.verify.info,0
https://bit.ly/QrpdV4r,1
https://discover.info/lwrias74b9w2g/dg298och18k/a3ns95tgnn/gmuman7ij9z8hl/7e7zk8pxif15?verify=confirm&access=true,1
http://goo.gl/Tv2e9I0x,1
https://www.linkedin.microsoft.net/google,0
http://google.io@microsoft.info/urgent,1
https://www.admin.com,0
http://www.liknedin.edu/alert/notification,1
https://www.plssword.net/notification/authenticate,1
https://www.login-visa.edu,0
https://wellsfargo.gov/sh0j1k4viagaw/1yilv5zp/g9c4termw/jpia9hmqt5sdf/u5tgz3e2/hftsgyraic1ji/tp9qx0zqknrbxc?login=true&login=yes,1
https://112.15.99.26/paypal,1
http://update.edu,0
http://paypal.instagram-login.twitter.io,1
https://amex.edu/twf0tghqwog/v2ca0d1ey54n/lmbx1w2f61mng3/v2q7znis78/4puv3idsf6fhyy/epau8p6eq7ylpa?authenticate=true&unusual=confirm&activity=true,1
http://www.walmrat.io/important,1
http://www.citi.info/confirm,0
https://www.discover.target.net/user/secure,0
https://google.co/y5kabd0fmitt5ff/zylccjpadz3z383/j6jvot8p0/2lkzitybgsc/4dcodgf9i?signin=yes&password=true&verify=yes&update=confirm&account=yes,1
http://www.admin.mastercard.com,0
https://verify-paypal.edu,0
http://www.uber.net/confirm/alert,1
http://wallet.discover-dashboard.secure.biz,1
http://user.com,0
https://ebay.info/odux5qkcizzxxy/z69nhvpjtq8t0/5rxt7oa5/bfgbe74dp32alwe?important=1&password=1&important=confirm,1
http://www.linkedin.biz/dashboard/secure/microsoft,0
https://www.visa.org/secure?verify=wellsfargo&account=visa&user=chase,0
http://facebook.com@login.io/banking,1
http://target.net@verify.co/wallet,1
http://secure-youtube.microsoft.edu,1
https://152.12.232.200/important,1
https://t.co/iUpEX,1
https://www.admin.co/profile,0
https://dashboard.info/confirm?user=user&instagram=dashboard,0
http://www.apple.edu,0
https://148.182.95.176/account,1
http://profile.gov,0
http://www.twitter.io/user/citi,0
https://login-dashboard.facebook.co,1
https://netflix.co@user.io/verify,1
https://www.user-amex.gov/verify/visa/login,0
https://signin-wellsfargo.amex.com,1
http://202.30.47.9/secure,1
http://www.confirm.edu/github,0
https://admin.edu@confirm.biz/official,1
http://www.discover-confirm.edu/profile/citi,0
http://170.247.141.137/activity,1
http://microsoft.net/youtube/password?linkedin=wellsfargo&user=chase&walmart=google,0
http://45.107.151.186/activity,1
https://www.password.info,0
http://www.mastercard.wellsfargo.org,0
http://suspended.youtube-dashboard.amex.biz,1
https://www.walmart.org/profile,0
http://signin.com/fu41w3b287a/heaa05mcqw7t/tenloejfy46?wallet=true&activity=yes&confirm=true&verify=true,1
https://www.user.com,0
https://22.58.198.249/authenticate,1
https://netflxi.com/important,1
https://instagram.gov/9qvknzyqr/1ez10p9iikvk/95fh7ky8/mhwyfge1wp4/ps8zoawvr2bsvfg?alert=yes&important=1&signin=1&verify=1,1
http://bit.ly/MBMyYdoB,1
http://twitter-user.signin.org,1
http://www.usre.biz/authenticate/authenticate,1
https://www.dashboard.net/login/walmart/dashboard?citi=dashboard&login=profile&spotify=spotify,0
https://www.instagram.visa.biz,0
http://www.confirm.profile.org/spotify/secure/confirm?ebay=user&facebook=password,0
https://www.instagram.io,0
https://104.208.240.36/verify,1
http://ow.ly/uoU3DtTL,1
http://t.co/iOVCcq,1
https://www.chase.edu,0
https://signin.org/dazx7mpcjyjnc9l/p8t89ceeb3390mf/1xzz1c6ea/ce7f2cz6vi?activity=yes&urgent=yes,1
https://google.io/pb52d5yg/5il70x2b5x7yal5/lr1ntsb6px9la/cnlitll27vl/lvoee19gqiu4el/s8onfy19pyd?signin=confirm&security=yes&verify=true&secure=confirm&verify=1,1
https://www.confirm.gov,0
https://vreify.net/unusual/unusual,1
http://update.info/lj63ou2x/s81pzrcmxdk5/qtjt72xr?alert=yes&alert=yes,1
http://www.atple.biz/wallet,1
https://36.185.156.254/notification,1
https://89.76.251.248/password,1
http://update.biz/rn2lqw7w7/k6vk0u93pyc94mq/wi05ddw07ves4/f4o2g87eerypcac/9376e1n3t8bpc?verify=yes&access=yes&wallet=yes,1
https://www.signin.edu,0
http://www.adimn.edu/login,1
http://www.mastercard.signin.biz,0
https://www.bank.io,0
http://bank-linkedin.signin.io,1
http://google.net,0
https://www.microsoft.com,0
https://profile.gov@github.co/suspended,1
https://86.242.149.174/unusual,1
http://www.apple.io/wallet/unusual,1
http://suspended.linkedin-netflix.update.io,1
http://goo.gl/96gNqbP6,1
https://www.signin.gov/admin,0
https://instagram.gov/youtube/confirm,0
https://chase.net@admin.gov/verify,1
http://google-visa.linkedin.com,1
http://www.chase.github-admin.com/mastercard/linkedin/linkedin,0
https://google.org@verify.org/security,1
http://www.dashboard.io/paypal/notification,1
https://www.user.co,0
http://www.visa.org/twitter,0
https://205.195.175.133/wallet,1
https://bank.edu@user.biz/paypal,1
http://www.profile.net,0
http://www.amex.info,0
http://www.bank.co/verify/discover/profile,0
http://goo.gl/zATZHV,1
http://www.linkedin-login.io/ebay?signin=walmart&amex=linkedin&visa=wellsfargo,0
http://bank.org/microsoft/login,0
http://ow.ly/Dm6Ga,1
https://www.paypal.account.com,0
https://www.walmart.github.info/verify/discover/paypal,0
http://www.github-microsoft.info,0
http://citi.wellsfargo.co,0
http://www.instagram.edu,0
http://www.dashboard.net,0
https://www.walmart.org,0
http://www.amex.spotify.edu,0
http://www.walmart.citi.net,0
http://spotify.biz/h4kedt2uazd/epo1o2hrlnnv/4ln39q9b?wallet=true&login=confirm&update=true,1
http://bank-target.password.gov,1
https://target.org@netflix.io/banking,1
http://www.bank.gov,0
https://github.gov@account.gov/wallet,1
https://www.paypal.org/visa/wellsfargo/microsoft,0
http://www.wellsfargo.edu/visa/amazon,0
https://www.netflix.info/discover/amazon/spotify,0
http://www.apple.edu/login,0
http://www.walmart.gov/apple/account?signin=citi,0
https://www.twitter.net,0
https://www.bank.paypal.info/update/discover/microsoft,0
https://update.org@amazon.biz/wallet,1
http://www.mastercard.biz,0
https://8.160.223.251/banking,1
https://194.39.151.50/activity,1
http://update.chase-bank.update.biz,1
http://password.io,0
https://www.amex.biz/chase/update,0
https://verify.visa-paypal.microsoft.gov,1
https://cli.gs/VJRT3,1
http://apple.info/ywwxysrzu7uq/90rn6xkpec6rc/f213j77yutdbx/1q5swxbp3odoner/xvkv4n03ut/uv8r4spwsb4?authenticate=1&unusual=confirm,1
https://twitter.gov,0
http://www.paypal.co,0
http://bank.io/98okuomnnhe/z2eb9r25c26hui/2khgankd2/gik695z2ew?account=yes&wallet=yes,1
https://www.paypal.co,0
http://www.google.gov/verify,0
http://profile.netflix.com/profile/discover,0
https://www.citi.info/user,0
https://www.spotify.io/google/microsoft/github,0
https://www.amazon.co,0
https://pasjword.com/account/activity,1
http://admin-wellsfargo.paypal.co,1
https://cli.gs/tm2DvZq,1
https://www.user.spotify.org/amazon?secure=apple&walmart=spotify&instagram=verify,0
https://www.veriwy.org/paypal/alert,1
http://www.login.io,0
https://twitter-dashboard.apple.io,1
http://admyn.biz/paypal/limited,1
https://profile.net@chase.gov/account,1
https://cli.gs/r6VbKN0C,1
http://target.net@verify.edu/official,1
http://www.account.io,0
https://citi.info@password.edu/confirm,1
http://dashboaed.io/activity/confirm,1
https://linkedin.biz,0
http://instagram.net/c8mfl3bbek5/531uvuu09ik/zie1hah09yr3g9/3bvio3mkzei69ph?security=true&signin=1&limited=true&paypal=1&activity=true,1
http://microsoft.admin.biz,0
http://125.183.107.239/secure,1
http://www.amex.com/dashboard/update?youtube=ebay&google=microsoft&twitter=profile,0
https://visa.gov,0
https://www.confirm.spotify.com/mastercard/instagram/amex,0
https://www.google.gov/netflix/twitter/amazon,0
https://www.secure.com/user/linkedin/citi,0
https://walmart.io@confirm.gov/secure,1
http://is.gd/coIDeU5Z,1
https://citi-mastercard.google.com,1
https://www.spotify.org,0
https://bit.ly/9nUD7PuL,1
https://citi-account.bank.info,1
http://visa-update.user.io,1
http://twitter.org/profile/netflix/amex,0
https://tr.im/2XEcdyid,1
https://www.loign.com/authenticate,1
https://github.org/walmart,0
http://www.admin.org,0
http://t.co/BCre7Y,1
https://www.bank.biz/discover/verify,0
https://alert.signin-netflix.citi.co,1
http://www.bank.net,0
https://www.discover.org,0
https://activity.visa-spotify.mastercard.org,1
https://www.mircosoft.io/secure,1
https://www.ebya.edu/activity/login,1
http://www.ebay.co,0
http://target.gov/netflix,0
http://15.159.50.102/important,1
http://ebay.io,0
http://www.signin.info,0
https://banking.apple-linkedin.user.edu,1
http://www.amazon.edu,0
https://welosfargo.biz/suspended,1
https://apple.gov/e3r5dht9qhz/1xouzgb112/8l1q5st5cp6msa/kmojtxrhvl1nn7/3f5ykro1jje/52ikbc9gz/7ll9q8ye3sh?official=confirm&paypal=1&confirm=confirm&signin=true&wallet=yes,1
https://instagram.facebook-verify.info,0
https://ebay.biz@youtube.co/suspended,1
https://citi.gov/11eft3xx7d/zeag1fg7/w66n94zr/9ts1rkr7rf0/imilpb50nyw042/efjib8vh2?banking=confirm&suspended=confirm&alert=confirm&paypal=confirm&verify=yes,1
http://chase.org@bank.info/verify,1
https://www.google.io,0
https://goo.gl/qihXfbml,1
http://ow.ly/qfiKKT,1
http://youtube.biz@apple.io/verify,1
https://218.241.227.104/paypal,1
http://admin.dashboard.io/password,0
http://www.spotify.info/spotify,0
https://www.mastercard.edu,0
https://dashboard.info@confirm.com/secure,1
http://www.apple.io/spotify,0
https://www.walmart.co,0
https://microsfot.org/paypal/official,1
http://202.231.233.96/limited,1
https://www.dashboard.net,0
http://www.amaton.org/verify,1
https://www.spotify.co,0
http://profile.net,0
http://www.paypla.info/notification,1
http://tr.im/fdozFX1,1
http://www.wellsfargo.microsoft.co/secure/netflix/ebay?facebook=account&password=citi,0
https://www.account.net,0
http://www.update.gov,0
https://tinyurl.com/Eg6XIBf,1
http://confirm.linkedin-password.login.org,1
https://www.youtube.biz,0
http://www.microsoft.org,0
https://126.2.16.237/activity,1
https://t.co/VGC2XW,1
http://www.citi.info,0
http://visa.net/qx6knqjset/w9rb2osa/sy8k9cbw3/xplbucm1cqve0ku/d09p5zf48p?limited=1&secure=true&wallet=confirm&paypal=confirm&banking=true,1
https://chase.co@youtube.gov/wallet,1
https://mastercard.biz/ebay/confirm,0
http://www.netflix.gov/account/profile/chase?password=signin&secure=google,0
http://amex.io/tcpoo4yt5sw0e/edcuq6jgyraivy0/mae8gvvf3yrikf/w0wcxwvoln7vuh/z28ir2k6pzalny0/v4rkw3h1xlaa2?verify=yes&update=yes&important=yes,1
https://ebya.gov/verify/security,1
https://bank.com,0
http://www.signin.edu,0
https://apple.walmart-confirm.gov/instagram/walmart/bank,0
http://admin.co/jup66wt9c8pp/uk4ag7ws8beoa/29klegksh6ms/djucwoc9p7a4z/f28pnrkkw2we9/kwyvoxk9yh?signin=confirm&suspended=confirm,1
https://signin.biz/xqycloyfx0/cta1b4iym/af8tspuuveeyydi/g4mn3ufic0jik/xo4kwmqkq5/unkybej5i5/5siy26md?secure=confirm&confirm=true&wallet=yes,1
http://account.io/3vjsu8ogldwcmq4/gewwk8dsk/a1sr0200ionojs/2nnvc6xrkw8tarl/y8usk0jx?urgent=1&signin=1,1
http://bank.org/yb00accg/zo91giqku/ljg1pz48dcb?confirm=confirm&wallet=true&urgent=1&verify=1,1
http://www.user.io/github/paypal/discover,0
https://ebay.gov,0
https://mastrecard.org/notification,1
http://www.citi.info,0
https://password.amex-profile.verify.net,1
https://www.amex.gov/password/activity,1
http://www.linkedin.org/paypal/update/ebay,0
https://wllmart.gov/verify/wallet,1
http://apple.edu/target?github=microsoft&microsoft=bank&wellsfargo=secure,0
http://discover.io,0
http://citi.apple.gov/update/verify/user,0
http://ow.ly/Mfm6QR,1
https://www.visa.gov,0
http://23.163.121.61/limited,1
http://target.account.io,0
https://youtube.co,0
https://www.paypal-signin.com,0
https://bit.ly/Gy6R0a,1
https://www.mastercard.apple.org,0
https://www.visa.edu/chase/secure,0
https://mastercard.edu/c76rhwbtfw5zm/c8f6qz73ux6b2/3t245la4?signin=1&limited=yes&access=1,1
http://t.co/myiZ5MoO,1
https://www.target.org,0
http://update.org/j3phkqiy281349x/nl3k2jb6dpn9/xckshr1t/1t92zip8ol4cibe/7m7hmrion0ee55/qxl8x3pzy5l0ym?verify=confirm&limited=yes&urgent=true&security=yes,1
http://instagram.io/visa/user/amex?linkedin=login,0
http://www.secure.co/verify,0
http://www.spotify.biz/admin,0
http://ebay.co@user.edu/account,1
http://tinyurl.com/Zp7ysI,1
http://191.9.5.124/paypal,1
http://bamk.info/password,1
https://www.amxe.com/secure,1
https://www.account.info,0
http://www.secure.biz,0
http://www.linkedin.com,0
https://www.amazon.google.com/netflix/target/spotify?instagram=github&google=netflix&twitter=apple,0
https://www.linkedin.org/linkedin,0
https://www.amex.walmart.biz/instagram,0
https://tr.im/fy1GjqJ,1
http://discover.io@user.net/activity,1
https://goo.gl/004qr0q,1
https://instagram.biz@visa.co/access,1
http://www.walamrt.edu/update/official,1
https://atazon.gov/urgent,1
https://visa.info/g6f77rxe/77if34i618opmj/2f184lckcccc/p75nlqcxo5/pvr3qjpw7k/nty2wfb6qkyi6yf?password=1&limited=confirm&access=1,1
http://www.instagram-spotify.edu,0
https://www.ebay.youtube.biz/visa/wellsfargo/account,0
https://spgnin.net/notification,1
http://bank.io/jqrnay1zfr41/3mz1b9mhk0/rl26878tttsre?verify=1&secure=true&activity=yes&access=true&secure=1,1
http://www.linkedin.co/paypal/twitter,0
http://www.confirm.co,0
http://amazon.com,0
http://www.profile.login.edu,0
http://www.dashboard.gov,0
http://tr.im/HCMoq,1
http://ebay-visa.linkedin.edu,1
https://www.linkedin.com,0
https://www.discover.org,0
https://access.microsoft-github.confirm.biz,1
https://www.mastercard.info/google,0
https://www.apple.update.com/verify,0
https://signin.chase.edu/wellsfargo/netflix/walmart?admin=amex&dashboard=chase,0
http://update.info@wellsfargo.co/password,1
https://www.eaby.net/banking/alert,1
http://www.paypal-walmart.biz,0
http://spotify.gov/6s34qeayypfnfks/nmoqhmw06ug/zdm63fc3oi77tft/32ykxa3bm1ytilb/hfc2qlcj9tbygd9/87enklw1zv/o3ttoy4chudg46?authenticate=true&secure=1&banking=confirm&limited=yes,1
https://cli.gs/x0jXl,1
https://www.bank.io,0
http://www.netflix.wellsfargo.info/confirm/discover/apple,0
http://www.cunfirm.io/password,1
http://www.youtube-profile.info/ebay/secure/apple,0
https://login.org,0
http://www.spotify.info,0
http://instagram.facebook.org/target/verify/update?amex=secure&visa=target,0
http://goo.gl/BjFptpy,1
https://www.bank.edu/visa/profile,0
http://bit.ly/Mz9hMl,1
http://linkedin.co,0
https://www.spotify.net/verify,0
https://profile.co@wellsfargo.io/paypal,1
http://admin.co/kvms1s07zh4w0l/65u18d6ej/xtonx367olkco8/pcmk1gry/5vcqmnx0w3gl/wzu95hl7br8gc?unusual=true&update=1,1
http://www.netflix.edu,0
http://www.confirm.gov,0
https://www.admin.biz/youtube,0
http://user.gov/4h4htmpj5fqlwnn/2cxjpzc712mxolx/mdfpkbjedjmc?authenticate=1&suspended=1,1
https://www.amazon-twitter.biz/target/signin/youtube,0
https://is.gd/I9j4lU00,1
https://www.dashboard.edu,0
https://www.wellsfargo.microsoft-dashboard.info,0
http://www.apple.dashboard-chase.edu,0
http://prozile.io/verify/suspended,1
http://126.21.235.54/alert,1
https://www.appxe.info/secure/notification,1
https://www.account.co,0
https://paypal.bank-bank.twitter.biz,1
http://www.github.com/netflix,0
https://www.mastercard.gov,0
http://instagram.gov/signin/netflix/amazon,0
https://www.spotify.gov/paypal/signin/paypal?mastercard=facebook,0
https://www.wellsfargo.gov/citi/secure/amazon?dashboard=target&login=microsoft,0
http://target.info@facebook.info/account,1
https://microsoft-mastercard.login.org,1
https://password.gov,0
http://www.admin.io/ebay?microsoft=account,0
https://www.google.io/dashboard,0
https://discover.edu/38fli2widdpal/ch62m4uy/a1v92s40r2kl1r?login=yes&verify=true&authenticate=yes,1
https://ow.ly/PFyJv9z,1
https://instargam.com/confirm/official,1
https://www.youtube.co/amazon/dashboard?password=admin&twitter=discover&password=twitter,0
https://www.linkedin.info,0
https://paypla.co/security/activity,1
http://amex.info/bau5j282fh76qst/tqry82r71i3/afsw15rrqmp/vcwjhzha3yrrj8/9xmme8dgkf3d/tjvktgjwny1iu/kr8rkwn3ofae/xv7cj5nacdhu?activity=confirm&security=1,1
http://163.231.126.96/password,1
https://linkedin-profile.biz,0
http://www.dashbbard.info/wallet,1
http://paypal.net/discover,0
http://www.account.io/password,0
http://youtube.co@admin.io/unusual,1
https://www.dashboard.io/paypal/visa,0
https://www.github.io/spotify,0
http://187.171.45.237/confirm,1
https://linkedin.co@account.edu/alert,1
https://www.target.github.info,0
https://www.walmart.net,0
http://www.login.edu/walmart/github,0
http://www.login.co,0
http://ebay-discover.info,0
http://goo.gl/3722M,1
http://google.com@target.co/signin,1
http://www.user.io/target/user,0
https://www.google.gov,0
https://tinyurl.com/Y7VJKnr,1
http://ebay.edu/qqy1tq2hj7hvf/wb8ns90i/qv6ci0b0/xipodqtfu3b5ftq?wallet=true&limited=true&important=1,1
http://www.signin.com/chase,0
https://wallet.wellsfargo-amex.ebay.com,1
https://54.239.64.65/wallet,1
http://www.walmart.co,0
https://netflix.com/spotify/amex/dashboard?spotify=confirm&discover=discover,0
http://visa.edu,0
http://www.twitter.confirm.com/netflix/microsoft?dashboard=target&discover=amazon&amazon=linkedin,0
https://www.login.info/dashboard?twitter=instagram&linkedin=google,0
http://www.confirm.gov/ebay,0
http://www.dashboard.biz,0
http://www.linkvdin.edu/official/verify,1
http://www.user-profile.co/update/citi/visa?dashboard=walmart&linkedin=apple,0
http://www.github-dashboard.edu/profile,0
https://dashboard.biz@bank.edu/verify,1
https://www.targte.co/limited,1
https://facebook.biz@mastercard.edu/access,1
https://www.walmart.secure.net,0
http://discover.gov@walmart.gov/suspended,1
https://www.user.linkedin.gov/apple?user=secure&user=signin&user=password,0
http://alert.amazon-youtube.update.biz,1
https://ow.ly/McNhQp,1
https://admin.edu/dadq3w8mi/pe1nfmrg/bf206nyt4z/ngco8un50a1u/xfgknubnqwletdr?security=confirm&suspended=confirm&paypal=yes&secure=true,1
http://update-instagram.amazon.org,1
https://www.apple.org/netflix/youtube?ebay=linkedin&secure=visa&account=admin,0
http://www.visa.net/twitter/dashboard/user,0
https://tinyurl.com/rtu167p,1
http://github.io/m6r65iw65b8x38/btuqv9ir37l/4mjsadl1tzp8/d954kvl2k/untsd0bu6bs/0qeixmerq8/v85u08w9f/5dto8wyz9?account=1&notification=true&limited=confirm&activity=yes,1
http://walpart.edu/verify/official,1
https://dashboard.net,0
http://www.dashbobrd.biz/paypal/official,1
http://facebook-account.edu,0
http://verify.biz@netflix.gov/account,1
http://www.admin.biz/target/github/apple?update=bank&bank=profile,0
https://www.paypal.co,0
https://5.182.243.50/important,1
http://walmart.edu@facebook.edu/notification,1
http://uesr.com/paypal,1
http://www.bank.com/walmart/chase?amex=instagram,0
https://apple.edu/l08btidbmuhn/qdbtgwiws/r2zg5e7wr/jtqlzez79k/cp6tggmd3/z4qj0hs1ie5em2?alert=true&password=yes&confirm=true&update=confirm,1
https://www.profile.account.biz/amex,0
http://walmart-amex.update.gov,1
http://www.target.info,0
http://231.102.194.112/important,1
http://admin.biz@paypal.co/password,1
https://www.login.user.info/admin/target/password,0
https://www.update.biz/confirm/instagram,0
https://www.update-walmart.com,0
http://profile-verify.net,0
http://important.chase-login.user.org,1
http://197.140.249.87/access,1
https://www.amex.net/update/spotify,0
https://www.admin.biz/twitter/admin,0
http://www.verify.biz,0
https://chase.com/tkl8f7zlon8qy9/znrgx8xxvq/3xljy0m1h11ki8/6voehfsz/4na4xp282ilqxl/gc9u8d7kgi/xfrcclc0owget4g?authenticate=1&secure=true,1
https://confirm.biz/github/youtube,0
https://82.177.76.198/security,1
https://www.youtube.org/linkedin?amex=update,0
http://target.co@wellsfargo.net/urgent,1
http://security.confirm-twitter.visa.gov,1
http://202.153.219.1/password,1
http://www.dashboard.edu,0
http://www.lxnkedin.org/verify/signin,1
http://mastercard.io,0
https://verify.info/7xslb9rvytuc/9xlom8p19rv8pui/jdy7jinb4t41/fe4d8wa5/gjqli5ru9p/7s6903wu4p/ckvj3hi6fwwv5w3?suspended=true&urgent=confirm,1
https://amazon.gov@linkedin.net/official,1
http://mastercard.net/m3yc45tff/vl0gquv1tioy5/l2sivnjcdv/iz9ljxertcwrxo6/renxrdv9gq90/drwmiz4aunme9/9hlmax04rpd/ifcm5nfsebshafm?authenticate=1&confirm=true&notification=yes,1
https://215.67.16.10/unusual,1
https://t.co/dLml6Dp,1
http://verify.youtube-discover.google.info,1
http://www.google.biz,0
http://chaes.io/verify,1
https://apple.org/tisu1xqt/su9ocovdgmo5yo/f6dl61lnmf9jz/15pux35j/vmgjvq4r8txhqim/cwivdlv9wrkuxg/ca0ikoaq7ho/xvy5sve3b1?paypal=yes&important=yes&access=yes&important=true,1
http://www.bank.admin.biz,0
http://bit.ly/0HCO6L,1
https://www.spotify.mastercard.io/linkedin/citi/apple?confirm=chase,0
https://important.mastercard-profile.discover.io,1
https://visa.info@chase.com/authenticate,1
http://www.dashboard.gov,0
https://tinyurl.com/Amp1py,1
http://203.81.253.47/access,1
https://amazon.net@spotify.gov/secure,1
http://www.linkedin.biz,0
http://www.instagram.io,0
https://mastercard.edu/amex/instagram,0
https://microsoft.gov,0
http://www.microsoft.com/mastercard?apple=user&target=secure&apple=netflix,0
http://tr.im/Uxi7Xf,1
http://linkedin.io@signin.info/signin,1
https://alert.login-microsoft.instagram.info,1
https://bank.info/e9js83o27hq8v/mjlqg1nvucf1v1/kcbns5bm?unusual=yes&login=yes,1
http://www.spotiyf.biz/confirm/verify,1
http://www.twittyr.edu/wallet/alert,1
http://chase.gov@mastercard.edu/suspended,1
https://196.138.199.9/access,1
https://www.profile.signin.gov/netflix/instagram,0
https://apple.net/cmnmz8z4x/vxxw8pxtuufce4y/5eeod128qd6j5/6cgtlxk1qd872k/voxmn7jvu8vk?banking=yes&verify=1&authenticate=yes,1
http://15.236.202.99/verify,1
https://www.paypal.org/mastercard,0
https://ebay.gov@instagram.com/urgent,1
https://profile.com@secure.info/security,1
http://www.spotify.edu,0
http://137.245.145.232/wallet,1
https://www.github.co/github,0
http://wellsfargo.com/pnz5goh6p09117w/ujgdtume/i3uzxggo6bm9zv/9v5hm28cd52g/jwg4vsjicr3yrd/g7dtry2l9ajy/kkmh2833/8lspu0ee49j67at?alert=1&account=1,1
https://instagram.facebook.io,0
http://www.youtube.gov,0
http://www.password.linkedin.gov,0
https://37.119.23.221/verify,1
http://password-login.update.io,1
https://profile.info/6tbw7vwf/m5672kp6ap5xepq/f3r76b5sjcr/x4wk9hdpohlmjq/n92iqln2nyvkiax/a7dnyrf5jjz3/28ukhpop/96z0g05kjp?paypal=1&access=confirm&confirm=true&suspended=confirm&authenticate=confirm,1
http://220.154.15.238/alert,1
http://www.amazon.gov/password,0
http://wellsfargo.com@login.info/account,1
http://paypal.user.net/netflix/github/twitter,0
http://www.target.io,0
http://target.gov@microsoft.org/paypal,1
http://discover.com/google/secure,0
http://bank.biz/bacfkf216/mipkadqr/v6mj9db5h0/s5w7cv5j1/uti21j718aos/33bbafmg8x/dcqbrkdq0fczf?paypal=1&access=true,1
http://www.bank-signin.io,0
https://19.184.41.226/limited,1
http://t.co/vJJwyoIw,1
http://www.user.co,0
https://21.79.249.209/alert,1
https://www.instagram.edu/wellsfargo/target?amazon=amex&dashboard=target,0
https://www.discover.com,0
http://www.microsott.gov/important/limited,1
http://97.206.35.160/alert,1
https://profile.net/signin/login/login?apple=password,0
http://www.adein.com/wallet/signin,1
https://profile.info@twitter.net/activity,1
https://www.target.net/verify/secure/facebook,0
http://twitter.co@chase.net/paypal,1
https://twitter.info@target.gov/verify,1
http://mastercard.edu@admin.co/notification,1
https://www.chase.biz/chase/linkedin?facebook=confirm,0
http://www.congirm.info/suspended/notification,1
http://www.discover.edu/amex/youtube/verify,0
https://www.youtube.co,0
http://www.github.co,0
http://tr.im/lsYLz,1
http://wellsfargo.gov/m2y5rjmvtt3f2/g9771zwly0c/24rxmfts/9f53ajoaj17/1i185asoc8ue/q9esuah26d2zw/jjao7zt7r4w1ls?paypal=confirm&signin=1&account=true,1
http://www.profile.io,0
https://tinyurl.com/mcGTmsA,1
https://target.info/wktwa7eepf/32na77zsmq8vgf/1xdcw6j63qq2llu/pkpt0nvxw?urgent=yes&authenticate=true&alert=confirm,1
http://www.spotify.update.gov/discover/account/wellsfargo,0
http://www.confirm.org,0
https://verify-dashboard.bank.com,1
http://giyhub.co/authenticate/secure,1
https://216.121.46.249/alert,1
http://www.bank.visa-password.org,0
https://www.verify-target.co/ebay/instagram/target,0
http://www.account.org,0
http://www.confirm.gov,0
https://www.citi.org/paypal?ebay=github&amex=twitter,0
http://youtube.biz/fes4l57qn/n5gn56aeqokq/q3bj2ax861w8/u7z956xspj/2iuqjc8j9yq8pxb/36myxfxve?alert=yes&confirm=yes&paypal=1&paypal=yes&signin=confirm,1
https://login.io/sc55d5kg2b0k/02w6wxpoib/u103c3gc9zt6/7ikll3tbw/epv7gawtwe/txsnfqxuyd6c2/x7k6dpju7aj/o554qhlrw7s6?authenticate=true&urgent=confirm&unusual=yes,1
https://124.96.22.20/alert,1
http://www.amex.info,0
https://www.amazon.biz/linkedin/wellsfargo/github,0
http://password-target.profile.biz,1
http://206.175.216.36/security,1
https://account-account.signin.gov,1
https://www.admin.org,0
http://paypal.gov@walmart.info/suspended,1
https://www.netflix.info/ebay/admin,0
http://update.apple-instagram.target.biz,1
https://85.39.111.211/update,1
https://www.amvx.org/verify,1
https://www.github.confirm.org/walmart,0
https://www.dashboard.com/amazon,0
https://www.facebook-account.io,0
http://www.mastercard.info,0
https://twitter.gov@walmart.co/secure,1
http://tinyurl.com/RsLck,1
https://goo.gl/7pQTcr,1
http://www.signin.co/password/microsoft/instagram,0
http://cli.gs/4TXEb9,1
http://facebook.com@secure.info/notification,1
http://walmart.youtube.com,0
https://www.lolin.net/unusual,1
https://instagram.io/6qcyq6ssy8sl/hb9fqmt22iiv/e5u6djp93?urgent=true&paypal=confirm&urgent=1&password=confirm&official=yes,1
http://paypal.org@profile.co/authenticate,1
http://www.admin.com/twitter,0
https://goo.gl/vSqMw,1
https://www.mastercard.com/wellsfargo,0
https://www.netflix.co/ebay,0
https://login.io,0
http://www.signin.io,0
http://www.twitter.org,0
https://183.103.219.104/security,1
http://amazon.biz/oo7eych230x32lq/g71t3awb92pi/4m9tjj92n?notification=true&signin=true&confirm=1&secure=1&password=yes,1
https://www.update.edu,0
http://activity.youtube-verify.account.net,1
http://walmaot.org/urgent/verify,1
https://www.linkedin.info,0
http://chase.org/lhiyt6uq08a/txhc2xsshe5k5/cwjowf3jg8tpj/ajkjtbcvzmf0y/4u0j86ysa/krqt68dddfeaw/b2hwho7y77m1i5/51fkkiulm4?login=yes&account=yes&banking=true,1
http://bit.ly/8r6jFK,1
https://dasbhoard.net/alert/wallet,1
https://www.update.org,0
http://www.citi.gov,0
http://84.96.245.127/update,1
https://www.admin.biz/amex/linkedin,0
http://secure.net/dlpz3dg4ip/8zf83g7p6lbz6q/xx4x3le3q/7vmpw5fw717xks7/uexlmwbfmg6f/34lpsfq76p?access=yes&limited=yes,1
http://www.admin.co,0
http://netflix.biz/bank?target=facebook&chase=target&apple=verify,0
https://paypal.net@amazon.org/urgent,1
https://www.password.target.info/ebay/login,0
http://237.72.250.49/official,1
https://www.target.org/target/update/microsoft,0
https://user-password.discover.org,1
http://amazon.edu/dtgedg8692ds5/wu1k9ojhhmc8/rgsxy909f4yi3wz?login=confirm&banking=1&signin=1,1
https://apple.edu@bank.gov/confirm,1
http://wellsfargo-twitter.wellsfargo.net,1
http://google-microsoft.chase.co,1
https://www.linkedin.citi.io,0
http://bank.net/a43pimgyg/xuo3v40ma6mp60/hhivt6ep4ns659/8fgv1w4cn/rvy0m32p/fne3jeg18/b39dl9mel?wallet=1&unusual=true&password=1&limited=1&notification=yes,1
http://www.confirm.confirm.edu,0
http://www.github.biz/password/twitter,0
http://github.co@secure.biz/confirm,1
http://www.discover.com,0
http://wellsfargo.org/fjbbphoaq/cfcuahrsy4og0ih/vkrfugj6f3pv93x?important=true&password=yes&notification=1&authenticate=confirm,1
http://www.confirm-paypal.com/visa,0
http://tinyurl.com/M1L2EN,1
http://www.facebook.admin.com/profile/microsoft,0
http://netflix.edu/tn9of1fh9a5ve4/3azp5jjobebjs5/v4a1lfhz1kmw/vmpr2xxv/umov8g8xoa3dzyw/cckgdqdpt?update=yes&authenticate=yes&limited=true,1
http://www.apple.update.edu/secure/google?google=facebook&amazon=chase,0
https://www.adgin.co/suspended,1
https://discover.discover.com,0
http://secure.com/gsxl8w71g/1p247rw1tpb/r8ovvioffcx6ld/m58o3f3s2?update=true&suspended=yes&important=yes,1
http://user.edu/paypal/spotify/youtube?amazon=citi&spotify=login,0
http://www.profile-bank.edu/chase,0
http://www.youtube.co,0
https://profile.co/instagram/wellsfargo,0
https://mastercard-admin.profile.co,1
https://github-walmart.com/account/update,0
http://apple.biz@walmart.edu/alert,1
https://www.login.gov,0
http://www.google.linkedin-linkedin.com/paypal,0
https://youtube.io/dflgcelxvpufu/zaz64gfx6mb/2c3f6gh4qyql4/kqz0zjq1s3rfz/5ic8mzi3ot/5bpw7f3o8km/exhtdq5tj9vyjpz/pc7iojzjh3v?verify=1&limited=1&signin=1&unusual=confirm,1
https://www.wellsfargo.gov/admin/secure/youtube,0
https://www.spotify.youtube.net,0
https://www.baqk.net/authenticate,1
https://www.verify.account.io/account/google?target=instagram&visa=wellsfargo,0
http://target.edu@netflix.edu/access,1
http://103.180.12.179/unusual,1
https://www.youtube.io/login/youtube?netflix=admin,0
http://ebay-bank.youtube.co,1
http://urgent.admin-signin.amex.net,1
https://www.linkedin.edu/youtube/github,0
https://dashboard.biz/2198bbao/zv9gsi1uu8qq0m5/vhglst59uds9vjz/3nc7agbg1arazv3?login=yes&verify=yes&authenticate=true,1
http://www.account-discover.co,0
http://www.facebook.io,0
https://www.microsoft.biz,0
http://discover.co/lf33blhjqx/x30p0cw5n/oo9mdsuj/xufbuog6dj6f91/tjc63ah7k9vj/tto93dk26nop?urgent=confirm&account=confirm&signin=confirm&account=confirm&wallet=1,1
http://confirm.com/fi5jp91s470/26fkvm3l7xxyl/mxzjtcuwkuk80s/153trh4j6oykn?update=yes&alert=confirm&signin=yes&login=1&unusual=1,1
https://user.org@walmart.com/secure,1
https://10.78.143.21/wallet,1
http://account.gov/ebay,0
https://239.130.130.173/authenticate,1
http://www.visa.gov/admin/bank?google=citi&linkedin=wellsfargo,0
https://113.34.209.75/account,1
https://www.twitetr.gov/unusual/login,1
https://wellsfargo.net,0
https://www.linkedin.chase.net,0
https://www.account.visa.edu/account/admin?walmart=amex&password=google&walmart=target,0
https://www.discover.org,0
https://www.paypal.info/apple/target/profile,0
https://www.instagram.io,0
http://tr.im/iCN0VwH,1
http://www.profile-chase.edu,0
http://activity.admin-verify.visa.edu,1
http://ow.ly/75eTfVZ,1
https://ebya.gov/access,1
http://55.248.32.170/notification,1
https://www.password.linkedin.biz/netflix?paypal=linkedin,0
https://wellsfargo.biz@twitter.edu/verify,1
https://www.amazon.biz/confirm,0
http://www.target.mastercard.org,0
http://www.netflix.github.io/bank?admin=password,0
https://target.edu,0
http://www.ligkedin.biz/confirm/verify,1
https://confirm.co,0
https://www.update.visa.edu,0
http://ebay.io/g2b7wcszlzq5l/ab0hd52xicde4/w7vctbflv/2pxxiw3pm25n4p0?activity=confirm&banking=confirm&wallet=confirm&limited=1,1
